"customer_id","last_purchase","frequency","monetary"
12346.0,"2011-01-18",12,77556.46
12347.0,"2011-12-07",8,4921.53
12348.0,"2011-09-25",5,2019.40
12349.0,"2011-11-21",4,4428.69
12350.0,"2011-02-02",1,334.40
12351.0,"2010-11-29",1,300.93
12352.0,"2011-11-03",10,2849.84
12353.0,"2011-05-19",2,406.76
12354.0,"2011-04-21",1,1079.40
12355.0,"2011-05-09",2,947.61
12356.0,"2011-11-17",6,6371.73
12357.0,"2011-11-06",3,18287.66
12358.0,"2011-12-08",5,3887.07
12359.0,"2011-10-13",10,8873.39
12360.0,"2011-10-18",8,4252.89
12361.0,"2011-02-25",4,511.25
12362.0,"2011-12-06",11,5356.23
12363.0,"2011-08-22",2,552.00
12364.0,"2011-12-02",4,1313.10
12365.0,"2011-02-21",2,641.38
12366.0,"2010-03-16",1,500.24
12367.0,"2011-12-05",1,168.90
12368.0,"2010-03-21",1,917.70
12369.0,"2010-10-22",3,1791.15
12370.0,"2011-10-19",7,4316.56
12371.0,"2011-10-26",5,4067.38
12372.0,"2011-09-29",3,1298.04
12373.0,"2011-02-01",3,1127.65
12374.0,"2011-11-14",4,2989.22
12375.0,"2011-11-29",2,457.50
12376.0,"2010-11-15",2,503.15
12377.0,"2011-01-28",4,3426.32
12378.0,"2011-08-02",2,5416.32
12379.0,"2011-09-19",4,1620.22
12380.0,"2011-11-18",11,9676.30
12381.0,"2011-12-05",5,1845.31
12383.0,"2011-06-08",5,1850.56
12384.0,"2011-11-11",2,585.27
12385.0,"2010-11-25",1,1938.40
12386.0,"2011-01-06",2,401.90
12387.0,"2010-10-20",1,143.94
12388.0,"2011-11-24",8,3901.11
12389.0,"2010-11-02",3,1433.33
12390.0,"2011-09-21",1,549.84
12391.0,"2011-11-18",6,2724.84
12392.0,"2010-04-27",1,234.75
12393.0,"2011-09-28",6,2399.45
12394.0,"2011-10-07",2,1272.48
12395.0,"2011-11-20",15,4721.17
12396.0,"2010-02-03",1,931.43
12397.0,"2011-11-04",2,2409.90
12398.0,"2011-10-25",1,1635.66
12399.0,"2011-08-12",7,1962.30
12400.0,"2010-10-21",1,205.25
12401.0,"2011-02-09",1,84.30
12402.0,"2011-01-20",6,1256.90
12403.0,"2011-10-21",2,1019.36
12404.0,"2010-01-26",1,63.24
12405.0,"2011-07-14",1,1710.39
12406.0,"2011-11-17",5,6390.36
12407.0,"2011-10-21",5,1708.12
12408.0,"2011-11-07",8,4340.77
12409.0,"2011-09-22",7,23419.29
12410.0,"2011-02-04",3,1013.71
12411.0,"2010-10-26",1,346.90
12412.0,"2011-09-26",6,2596.93
12413.0,"2011-10-04",4,999.45
12414.0,"2011-05-06",6,952.41
12415.0,"2011-11-15",28,144458.37
12416.0,"2010-02-21",1,202.56
12417.0,"2011-12-06",20,6797.41
12418.0,"2011-08-19",4,2021.20
12419.0,"2010-11-19",2,503.01
12420.0,"2011-10-07",1,600.39
12421.0,"2011-11-24",6,1098.60
12422.0,"2011-09-05",17,5231.80
12423.0,"2011-12-09",10,2622.39
12424.0,"2011-06-30",4,3340.03
12425.0,"2011-09-22",2,1741.41
12426.0,"2011-05-29",2,1345.21
12427.0,"2011-11-18",3,825.80
12428.0,"2011-11-14",9,7956.46
12429.0,"2011-11-30",8,6204.41
12430.0,"2011-10-27",1,256.40
12431.0,"2011-11-04",27,10432.22
12432.0,"2011-10-28",5,5059.32
12433.0,"2011-12-09",10,16794.14
12434.0,"2011-09-16",3,1103.43
12435.0,"2011-09-21",6,13925.93
12436.0,"2011-09-01",1,509.01
12437.0,"2011-12-08",39,12683.40
12438.0,"2011-11-25",2,2906.85
12439.0,"2010-01-26",2,1142.88
12440.0,"2010-09-03",2,859.20
12441.0,"2010-12-08",1,173.55
12442.0,"2011-12-06",1,172.06
12443.0,"2009-12-07",1,485.31
12444.0,"2011-11-18",5,5005.46
12445.0,"2011-11-17",2,434.98
12446.0,"2011-10-13",1,1002.31
12447.0,"2011-04-10",1,476.49
12448.0,"2011-10-26",1,449.45
12449.0,"2011-11-17",6,4835.89
12450.0,"2011-07-06",5,688.20
12451.0,"2011-11-29",8,12669.88
12452.0,"2011-11-23",2,430.57
12453.0,"2011-07-28",1,707.09
12454.0,"2011-10-14",5,16679.78
12455.0,"2011-09-27",10,5879.95
12456.0,"2011-10-26",3,3181.04
12457.0,"2011-10-04",8,2995.91
12458.0,"2011-09-29",4,1777.49
12459.0,"2010-04-13",1,454.36
12460.0,"2010-09-09",1,326.65
12461.0,"2011-09-06",2,826.88
12462.0,"2011-11-21",2,1189.59
12463.0,"2011-10-17",4,1344.78
12464.0,"2011-11-29",8,1212.05
12465.0,"2011-11-22",2,742.19
12466.0,"2010-01-26",1,56.73
12467.0,"2010-10-12",1,132.80
12468.0,"2011-06-05",5,3670.74
12469.0,"2010-07-05",2,3070.54
12470.0,"2010-01-19",1,211.95
12471.0,"2011-12-07",79,39918.19
12472.0,"2011-11-07",19,16249.29
12473.0,"2011-11-10",5,3928.05
12474.0,"2011-11-22",31,12372.75
12475.0,"2011-10-17",2,1149.64
12476.0,"2011-11-24",23,14083.91
12477.0,"2011-11-17",9,20276.37
12478.0,"2011-12-06",1,680.99
12479.0,"2011-11-28",1,527.20
12480.0,"2011-11-11",7,5464.85
12481.0,"2011-11-17",15,12185.51
12482.0,"2010-05-12",29,23691.40
12483.0,"2011-11-22",19,5097.18
12484.0,"2011-11-07",12,6354.10
12485.0,"2010-06-28",1,708.10
12486.0,"2010-10-04",1,1037.28
12487.0,"2009-12-09",1,285.30
12488.0,"2011-11-30",3,1298.66
12489.0,"2011-01-07",1,334.93
12490.0,"2011-12-04",21,9823.64
12491.0,"2011-11-01",1,460.40
12492.0,"2011-10-07",3,715.21
12493.0,"2011-06-27",2,433.74
12494.0,"2011-11-24",9,1815.27
12495.0,"2010-03-09",1,357.40
12496.0,"2010-03-29",2,45.34
12497.0,"2011-09-19",3,6248.50
12498.0,"2011-11-18",3,403.70
12499.0,"2010-05-28",1,393.72
12500.0,"2011-11-16",19,5955.21
12501.0,"2011-01-07",1,2169.39
12502.0,"2011-09-05",5,3723.87
12503.0,"2010-05-04",1,1126.00
12504.0,"2011-11-21",4,779.05
12505.0,"2010-10-27",1,955.20
12506.0,"2011-04-21",1,73.50
12507.0,"2011-07-28",4,1844.06
12508.0,"2011-11-13",2,397.88
12509.0,"2011-02-28",1,176.50
12510.0,"2011-07-20",9,5178.02
12511.0,"2010-10-07",1,3084.02
12512.0,"2011-10-04",2,132.18
12513.0,"2011-08-19",1,612.29
12514.0,"2011-03-17",2,1597.76
12515.0,"2010-12-21",1,383.70
12516.0,"2011-09-23",4,2648.62
12517.0,"2011-11-11",5,2481.60
12518.0,"2011-12-09",5,2056.89
12519.0,"2011-10-07",2,716.54
12520.0,"2011-09-21",5,2634.26
12521.0,"2011-07-20",1,599.68
12522.0,"2011-10-31",2,192.72
12523.0,"2011-11-20",23,4352.35
12524.0,"2011-11-30",17,11126.11
12525.0,"2010-07-29",3,973.73
12526.0,"2011-12-09",3,1316.66
12527.0,"2011-09-19",5,735.51
12528.0,"2011-11-30",6,1933.48
12529.0,"2010-06-29",1,316.48
12530.0,"2011-10-11",9,3759.26
12531.0,"2011-11-25",2,1933.20
12532.0,"2011-11-09",1,349.83
12533.0,"2010-03-22",2,1367.89
12534.0,"2011-08-01",1,1089.18
12535.0,"2011-09-09",2,716.35
12536.0,"2011-10-27",3,12601.83
12537.0,"2010-10-27",1,732.94
12538.0,"2011-11-10",2,640.45
12539.0,"2011-11-17",7,11214.75
12540.0,"2011-11-20",33,22254.49
12541.0,"2011-11-10",3,981.18
12542.0,"2010-08-12",2,481.88
12543.0,"2010-09-17",1,980.25
12544.0,"2011-11-03",1,372.70
12545.0,"2011-09-25",2,1000.39
12546.0,"2011-10-24",2,1161.50
12547.0,"2011-05-26",3,383.58
12548.0,"2011-06-26",1,95.20
12549.0,"2010-05-13",6,1575.68
12550.0,"2011-09-21",1,964.83
12551.0,"2010-12-17",1,168.00
12552.0,"2011-11-01",2,437.82
12553.0,"2011-12-01",12,4608.75
12554.0,"2010-09-17",1,468.50
12555.0,"2010-01-26",1,129.23
12556.0,"2011-10-20",2,599.56
12557.0,"2011-11-23",8,18096.14
12558.0,"2011-12-02",1,269.96
12559.0,"2011-02-02",2,561.71
12560.0,"2011-12-04",3,2134.01
12561.0,"2011-02-10",1,238.85
12562.0,"2011-12-01",9,4966.92
12563.0,"2010-10-27",1,249.24
12564.0,"2011-03-23",1,456.90
12565.0,"2011-02-24",1,145.92
12566.0,"2011-09-14",1,351.65
12567.0,"2011-11-17",15,11767.48
12568.0,"2010-03-05",1,70.00
12569.0,"2011-12-07",32,4124.69
12570.0,"2010-01-26",1,77.52
12571.0,"2011-10-31",2,519.61
12572.0,"2011-12-01",2,1020.42
12573.0,"2011-04-26",5,717.41
12574.0,"2011-01-28",1,218.45
12575.0,"2010-09-08",2,622.82
12576.0,"2011-11-04",8,2142.72
12577.0,"2011-11-04",8,1617.10
12578.0,"2011-11-18",4,4642.45
12579.0,"2011-09-22",1,440.42
12580.0,"2011-04-07",2,1052.90
12581.0,"2011-10-31",1,197.71
12582.0,"2011-04-15",4,1980.40
12583.0,"2011-12-07",27,13591.58
12584.0,"2011-12-06",9,2338.15
12585.0,"2011-04-19",2,2040.10
12586.0,"2011-11-22",4,2062.67
12587.0,"2011-12-02",1,144.00
12588.0,"2011-10-31",4,958.78
12589.0,"2011-11-11",8,4695.66
12590.0,"2011-05-12",2,9864.26
12591.0,"2011-01-26",3,1338.95
12592.0,"2011-09-08",5,2582.66
12593.0,"2011-08-23",3,418.10
12594.0,"2011-11-02",15,5090.11
12595.0,"2010-07-23",1,299.02
12596.0,"2011-10-19",2,618.27
12597.0,"2011-11-20",4,3811.22
12598.0,"2011-11-30",11,4534.09
12599.0,"2011-11-10",13,2296.72
12600.0,"2011-11-11",21,4967.42
12601.0,"2011-06-03",6,681.26
12602.0,"2011-10-12",1,153.12
12603.0,"2011-11-18",1,739.20
12604.0,"2011-09-21",2,254.18
12605.0,"2010-11-28",4,1232.95
12606.0,"2010-01-26",1,21.00
12607.0,"2011-10-10",1,1579.51
12608.0,"2010-10-31",1,415.79
12609.0,"2011-09-22",9,3435.86
12610.0,"2011-11-17",5,2099.54
12611.0,"2011-10-18",1,1193.32
12612.0,"2011-09-26",1,704.04
12613.0,"2011-10-13",10,6817.37
12614.0,"2011-03-07",1,315.60
12615.0,"2011-12-07",8,5740.98
12616.0,"2011-09-05",3,1131.10
12617.0,"2011-11-10",1,352.98
12618.0,"2011-11-18",1,177.31
12619.0,"2011-11-23",10,3781.38
12620.0,"2011-11-25",3,1339.41
12621.0,"2011-12-08",35,24311.20
12622.0,"2011-04-21",1,180.10
12623.0,"2011-03-08",7,3747.84
12624.0,"2011-08-25",2,641.13
12625.0,"2011-05-12",4,5164.88
12626.0,"2011-11-16",9,6620.48
12627.0,"2011-11-29",7,4478.53
12628.0,"2011-12-05",3,786.46
12629.0,"2010-11-19",2,1558.22
12630.0,"2011-11-30",2,1270.88
12631.0,"2011-10-13",6,3481.57
12632.0,"2010-07-07",2,804.88
12633.0,"2011-10-12",7,5678.16
12634.0,"2010-06-22",2,490.00
12635.0,"2011-09-11",4,2930.41
12636.0,"2009-12-01",1,141.00
12637.0,"2011-10-03",12,8283.81
12638.0,"2011-11-06",2,921.49
12639.0,"2011-04-15",3,1312.37
12640.0,"2011-11-16",3,1174.58
12641.0,"2011-08-16",1,185.90
12642.0,"2011-11-14",3,1013.26
12643.0,"2011-08-03",12,8304.82
12644.0,"2011-08-02",4,1918.49
12645.0,"2011-11-06",8,3539.30
12646.0,"2011-12-05",2,1346.97
12647.0,"2011-11-17",36,16955.55
12648.0,"2011-07-08",4,1112.00
12649.0,"2011-08-24",8,2294.65
12650.0,"2011-12-06",1,314.44
12651.0,"2011-01-09",4,377.75
12652.0,"2011-01-12",2,1017.03
12653.0,"2011-07-14",3,4160.83
12654.0,"2011-11-29",5,601.98
12655.0,"2010-10-12",1,261.35
12656.0,"2011-11-22",8,6407.83
12657.0,"2011-11-28",4,1643.18
12658.0,"2011-11-21",1,686.05
12659.0,"2011-11-10",1,91.68
12660.0,"2011-11-28",1,245.10
12661.0,"2010-09-29",1,162.00
12662.0,"2011-12-09",20,6726.54
12663.0,"2010-03-25",2,239.40
12664.0,"2011-12-01",11,6070.04
12665.0,"2011-01-19",3,313.60
12666.0,"2010-11-10",1,1248.42
12667.0,"2011-10-12",1,620.13
12668.0,"2011-11-28",10,11383.03
12669.0,"2011-07-12",3,2744.03
12670.0,"2011-11-29",7,3760.29
12671.0,"2010-04-12",1,2622.48
12672.0,"2011-01-14",2,437.05
12673.0,"2011-12-04",3,1230.02
12674.0,"2011-11-01",4,1970.60
12675.0,"2010-06-04",2,957.25
12676.0,"2011-11-15",11,2843.09
12677.0,"2010-06-02",2,395.10
12678.0,"2011-10-28",21,34281.18
12679.0,"2011-10-12",4,1113.02
12680.0,"2011-12-09",4,880.81
12681.0,"2011-11-25",45,29834.76
12682.0,"2011-12-06",52,22950.22
12683.0,"2011-12-05",21,11633.70
12684.0,"2011-12-02",7,2283.63
12685.0,"2011-11-11",6,2863.08
12686.0,"2010-12-03",1,89.14
12687.0,"2010-08-16",2,2138.91
12688.0,"2011-08-18",1,4873.81
12689.0,"2011-11-14",2,1247.61
12690.0,"2011-05-18",1,389.01
12691.0,"2011-11-11",7,1170.40
12692.0,"2010-03-12",1,110.95
12693.0,"2011-08-04",7,1703.02
12694.0,"2011-09-30",3,1843.35
12695.0,"2011-12-02",7,1407.12
12696.0,"2010-10-01",2,851.91
12697.0,"2011-11-11",3,957.59
12698.0,"2010-04-28",1,339.75
12699.0,"2010-10-18",1,638.11
12700.0,"2011-12-02",4,4939.99
12701.0,"2011-09-21",6,2446.41
12702.0,"2011-11-20",1,219.00
12703.0,"2011-09-29",4,1006.53
12704.0,"2011-12-02",8,2340.84
12705.0,"2011-11-24",14,11762.10
12707.0,"2011-02-21",1,603.42
12708.0,"2011-11-10",18,5117.66
12709.0,"2011-11-24",34,30291.76
12710.0,"2011-09-04",3,1149.02
12711.0,"2010-04-07",2,1339.05
12712.0,"2011-11-11",21,6723.03
12713.0,"2011-12-09",1,848.55
12714.0,"2011-11-30",12,14093.71
12715.0,"2011-08-25",1,343.36
12716.0,"2011-12-06",2,1053.49
12717.0,"2011-07-11",3,1308.91
12718.0,"2011-09-29",1,238.25
12719.0,"2011-12-04",2,644.95
12720.0,"2011-12-07",30,7787.28
12721.0,"2011-11-08",8,4013.08
12722.0,"2011-09-15",4,997.63
12723.0,"2011-12-06",5,725.07
12724.0,"2011-12-04",7,2317.52
12725.0,"2010-12-03",4,2266.76
12726.0,"2011-11-11",11,4014.60
12727.0,"2011-11-29",10,5679.53
12728.0,"2011-09-29",5,1070.17
12729.0,"2011-08-18",1,453.01
12730.0,"2010-07-06",1,829.25
12731.0,"2011-11-16",17,25775.71
12732.0,"2011-06-13",1,236.26
12733.0,"2011-04-19",4,2424.87
12734.0,"2010-12-22",3,639.65
12735.0,"2011-01-28",2,779.57
12736.0,"2011-01-11",1,234.00
12737.0,"2010-07-29",2,3710.50
12738.0,"2010-12-02",1,155.35
12739.0,"2011-09-22",4,2726.73
12740.0,"2011-10-07",1,427.60
12741.0,"2010-06-28",2,406.07
12742.0,"2010-03-24",1,1201.52
12743.0,"2011-07-28",2,540.13
12744.0,"2011-10-19",11,25317.06
12745.0,"2010-08-10",3,925.41
12746.0,"2010-06-17",1,254.55
12747.0,"2011-12-07",26,8898.48
12748.0,"2011-12-09",336,53539.64
12749.0,"2011-12-06",9,6897.36
12750.0,"2011-08-03",1,275.88
12751.0,"2010-09-21",1,268.27
12752.0,"2011-09-19",1,4366.78
12753.0,"2011-11-17",6,21429.39
12754.0,"2011-04-18",3,3010.74
12755.0,"2011-03-04",11,5236.26
12756.0,"2011-09-14",1,112.08
12757.0,"2011-11-24",13,7834.65
12758.0,"2011-08-15",7,9903.24
12759.0,"2011-10-18",8,5020.74
12760.0,"2010-09-10",1,347.80
12761.0,"2010-09-08",2,782.95
12762.0,"2011-12-02",2,1898.52
12763.0,"2011-07-24",2,494.08
12764.0,"2011-01-27",1,1693.88
12765.0,"2010-08-24",6,1404.58
12766.0,"2011-12-06",9,8918.99
12767.0,"2010-11-29",1,949.82
12768.0,"2010-09-15",1,168.69
12769.0,"2011-04-15",1,1143.60
12770.0,"2011-05-13",2,3246.45
12771.0,"2010-08-11",1,282.30
12772.0,"2011-10-11",1,892.47
12773.0,"2010-05-24",1,124.25
12774.0,"2010-06-22",1,98.70
12775.0,"2011-11-22",7,1686.12
12776.0,"2010-02-10",1,55.50
12777.0,"2010-09-08",1,519.45
12778.0,"2011-11-20",9,1775.68
12779.0,"2011-11-02",14,6474.11
12780.0,"2010-04-20",1,337.40
12781.0,"2011-10-07",2,826.74
12782.0,"2011-12-05",11,4618.24
12783.0,"2011-12-07",6,2225.91
12784.0,"2011-11-30",3,1763.15
12785.0,"2010-12-10",3,1100.40
12786.0,"2010-04-09",1,728.50
12787.0,"2011-11-30",4,862.18
12788.0,"2010-09-02",4,444.90
12789.0,"2011-10-05",3,273.35
12790.0,"2011-05-31",2,591.85
12791.0,"2010-12-01",6,863.51
12792.0,"2011-03-28",2,827.01
12793.0,"2011-01-09",3,885.53
12794.0,"2011-10-17",2,860.41
12795.0,"2011-11-21",1,430.48
12796.0,"2010-03-21",1,381.00
12797.0,"2010-12-09",2,552.08
12798.0,"2011-11-29",4,8510.93
12799.0,"2010-06-28",1,219.35
12800.0,"2010-08-26",3,584.25
12801.0,"2010-07-27",1,1071.82
12802.0,"2011-06-06",7,2416.42
12803.0,"2010-11-11",1,1092.81
12804.0,"2010-08-31",2,325.37
12805.0,"2010-11-23",4,1434.95
12806.0,"2010-09-30",4,2878.96
12807.0,"2010-11-21",1,330.35
12808.0,"2011-11-03",5,776.70
12809.0,"2011-06-15",3,1755.94
12810.0,"2010-06-23",2,534.99
12811.0,"2011-03-24",5,1033.90
12812.0,"2011-10-26",1,229.64
12813.0,"2010-07-26",3,1687.80
12814.0,"2011-08-30",1,125.92
12815.0,"2011-07-15",2,1063.46
12816.0,"2011-09-05",2,572.20
12817.0,"2011-03-03",3,690.98
12818.0,"2011-03-23",1,1542.08
12819.0,"2010-09-07",1,540.52
12820.0,"2011-12-06",11,2689.52
12821.0,"2011-05-09",2,220.80
12822.0,"2011-09-30",2,948.88
12823.0,"2011-09-26",18,6501.50
12824.0,"2011-10-11",1,397.12
12825.0,"2010-07-06",2,518.63
12826.0,"2011-12-07",12,2800.75
12827.0,"2011-12-04",3,430.15
12828.0,"2011-12-07",6,1018.71
12829.0,"2011-01-07",3,385.30
12830.0,"2011-11-02",6,6814.64
12831.0,"2011-03-22",3,451.11
12832.0,"2011-11-07",2,383.03
12833.0,"2011-07-17",1,417.38
12834.0,"2011-03-02",1,312.38
12835.0,"2010-10-08",41,5996.83
12836.0,"2011-10-11",15,6559.73
12837.0,"2011-06-19",2,662.66
12838.0,"2011-11-06",10,2975.91
12839.0,"2011-12-07",26,9669.12
12840.0,"2011-07-19",7,4041.97
12841.0,"2011-12-05",40,6958.20
12842.0,"2011-09-30",4,1917.99
12843.0,"2011-10-05",30,6583.36
12844.0,"2011-11-10",4,648.60
12845.0,"2011-03-17",4,354.09
12846.0,"2010-01-26",1,15.58
12847.0,"2011-11-17",2,1609.00
12848.0,"2010-02-02",1,208.00
12849.0,"2011-11-08",6,3042.47
12850.0,"2010-09-20",1,330.00
12851.0,"2011-09-04",2,280.76
12852.0,"2011-02-18",1,311.55
12853.0,"2011-07-28",11,3907.50
12854.0,"2011-09-22",7,2970.97
12855.0,"2010-12-02",4,612.84
12856.0,"2011-12-02",6,2170.78
12857.0,"2011-05-13",6,3688.00
12858.0,"2010-11-21",1,147.27
12859.0,"2010-09-07",1,575.10
12860.0,"2010-01-15",1,54.22
12861.0,"2010-03-30",1,68.25
12862.0,"2010-10-10",2,984.62
12863.0,"2011-10-18",6,2792.55
12864.0,"2011-07-24",2,299.57
12865.0,"2011-11-13",4,3323.47
12866.0,"2011-03-01",3,1227.35
12867.0,"2011-11-13",13,7829.26
12868.0,"2011-06-07",8,2043.76
12869.0,"2010-01-27",1,337.67
12870.0,"2010-11-29",3,1676.95
12871.0,"2011-09-16",3,744.02
12872.0,"2011-01-17",12,3283.96
12873.0,"2011-03-02",3,2027.30
12874.0,"2010-11-19",2,948.42
12875.0,"2011-07-19",5,1356.99
12876.0,"2011-10-13",4,4081.79
12877.0,"2011-12-06",20,2942.14
12878.0,"2011-04-17",2,854.99
12879.0,"2011-10-26",3,573.22
12880.0,"2010-11-23",2,640.13
12881.0,"2011-03-09",1,298.00
12882.0,"2011-11-30",2,1463.04
12883.0,"2011-11-15",4,703.47
12884.0,"2011-09-12",1,309.05
12885.0,"2011-10-07",3,1175.22
12886.0,"2011-10-03",2,1378.40
12887.0,"2010-11-21",1,222.40
12888.0,"2011-05-09",2,354.12
12889.0,"2010-11-23",4,385.46
12890.0,"2011-11-15",2,706.02
12891.0,"2011-06-07",11,840.50
12892.0,"2010-11-08",1,263.38
12893.0,"2011-11-09",1,176.55
12894.0,"2010-05-13",1,157.35
12895.0,"2011-10-28",2,372.80
12897.0,"2011-05-19",4,514.25
12898.0,"2010-09-02",2,296.21
12899.0,"2010-10-22",1,366.40
12900.0,"2010-10-13",1,340.33
12901.0,"2011-12-01",28,17654.54
12902.0,"2011-03-20",1,138.68
12903.0,"2010-10-07",1,833.53
12904.0,"2011-11-21",2,496.06
12905.0,"2010-05-12",2,1018.42
12906.0,"2011-11-28",5,2919.81
12907.0,"2010-11-09",2,508.91
12908.0,"2011-06-16",5,1776.00
12909.0,"2011-10-31",8,3103.19
12910.0,"2011-11-16",13,5796.52
12911.0,"2010-06-06",1,1651.72
12912.0,"2011-12-07",5,1662.30
12913.0,"2011-12-05",13,6283.24
12914.0,"2010-11-04",1,223.98
12915.0,"2011-07-14",4,975.10
12916.0,"2011-07-24",7,4479.73
12917.0,"2011-08-03",6,4359.20
12918.0,"2010-03-23",1,10953.50
12919.0,"2011-12-01",6,1335.19
12920.0,"2011-11-22",4,486.64
12921.0,"2011-11-30",74,35233.24
12922.0,"2011-07-01",1,405.38
12923.0,"2011-10-06",3,770.42
12924.0,"2011-09-12",12,2469.40
12925.0,"2011-12-05",3,729.33
12926.0,"2010-10-24",4,1523.97
12927.0,"2010-11-10",1,197.31
12928.0,"2011-11-04",12,4304.89
12929.0,"2011-02-01",1,117.85
12930.0,"2011-09-22",2,415.80
12931.0,"2011-11-18",57,92347.34
12932.0,"2010-06-18",8,1698.56
12933.0,"2011-11-15",8,1636.63
12934.0,"2009-12-03",1,181.65
12935.0,"2011-12-07",15,4243.86
12936.0,"2011-11-22",4,1063.90
12937.0,"2011-11-24",9,3097.61
12938.0,"2011-11-14",1,114.14
12939.0,"2011-10-06",20,25264.80
12940.0,"2011-10-16",2,899.69
12941.0,"2009-12-15",1,377.49
12942.0,"2011-07-31",3,675.60
12943.0,"2010-05-30",2,496.50
12944.0,"2011-11-04",2,604.51
12945.0,"2011-02-24",2,900.11
12946.0,"2010-09-29",1,324.45
12947.0,"2011-07-19",6,1603.99
12948.0,"2011-11-23",9,2317.43
12949.0,"2011-11-09",22,15526.70
12950.0,"2011-12-07",3,1843.00
12951.0,"2011-12-01",15,3213.72
12952.0,"2011-12-04",4,1387.79
12953.0,"2011-11-30",2,828.81
12954.0,"2010-03-11",1,162.45
12955.0,"2011-12-08",11,4757.16
12956.0,"2011-02-06",4,521.89
12957.0,"2011-11-30",13,8706.97
12958.0,"2010-11-04",2,467.34
12959.0,"2010-08-12",1,150.95
12960.0,"2010-10-22",4,1322.07
12961.0,"2010-11-25",1,211.99
12962.0,"2011-12-02",2,266.39
12963.0,"2011-12-01",12,3235.79
12964.0,"2010-09-28",1,132.24
12965.0,"2011-09-11",1,769.81
12966.0,"2011-11-30",1,160.18
12967.0,"2010-12-16",3,2938.52
12968.0,"2011-08-19",1,135.95
12969.0,"2010-04-16",1,122.45
12970.0,"2011-12-02",10,1453.60
12971.0,"2011-12-06",116,15704.60
12972.0,"2010-10-22",4,1161.20
12973.0,"2010-10-22",1,385.55
12974.0,"2011-05-26",2,408.95
12975.0,"2010-09-29",6,2100.09
12976.0,"2011-05-12",8,3156.38
12977.0,"2011-07-06",4,513.88
12978.0,"2010-11-19",5,2502.82
12979.0,"2009-12-10",1,517.70
12980.0,"2011-07-05",21,16245.78
12981.0,"2011-11-10",2,372.22
12982.0,"2011-04-11",8,2744.81
12983.0,"2010-04-20",1,490.08
12984.0,"2011-11-21",1,97.50
12985.0,"2011-12-09",2,1239.38
12986.0,"2010-10-07",10,2729.84
12987.0,"2011-09-27",5,1312.21
12988.0,"2011-02-20",1,505.82
12989.0,"2011-12-06",33,13551.75
12990.0,"2011-11-08",7,955.50
12991.0,"2011-11-16",3,764.82
12992.0,"2009-12-14",1,93.35
12993.0,"2011-11-16",8,1259.63
12994.0,"2011-12-05",3,974.42
12995.0,"2011-09-15",1,211.32
12996.0,"2010-11-29",1,355.50
12997.0,"2011-11-17",8,2110.91
12998.0,"2010-08-04",3,920.08
12999.0,"2011-05-27",3,455.88
13000.0,"2011-08-25",4,1032.50
13001.0,"2011-12-05",33,24042.65
13002.0,"2011-01-25",3,414.13
13003.0,"2011-08-26",3,149.05
13004.0,"2011-11-28",36,11650.85
13005.0,"2011-06-19",4,999.68
13006.0,"2011-10-14",1,81.57
13007.0,"2010-05-09",1,175.25
13008.0,"2011-01-20",3,612.13
13009.0,"2010-02-05",1,234.00
13010.0,"2010-11-30",2,330.12
13011.0,"2010-12-02",1,50.55
13012.0,"2011-11-30",11,2957.83
13013.0,"2011-12-08",29,11097.43
13014.0,"2011-11-29",11,5381.08
13015.0,"2011-10-17",11,6579.78
13016.0,"2011-09-27",3,789.89
13017.0,"2011-12-02",1,204.00
13018.0,"2011-11-23",35,9763.16
13019.0,"2010-11-25",6,1229.95
13020.0,"2010-05-26",2,618.96
13021.0,"2011-12-05",17,4887.24
13022.0,"2010-10-06",1,65.30
13023.0,"2011-10-06",3,1449.03
13024.0,"2010-08-26",2,555.87
13025.0,"2009-12-08",1,323.39
13026.0,"2011-12-08",9,1733.08
13027.0,"2011-08-18",19,17239.20
13028.0,"2011-11-17",2,661.32
13029.0,"2011-11-09",5,1927.30
13030.0,"2011-11-28",2,752.44
13031.0,"2010-10-28",5,3292.84
13032.0,"2011-10-18",9,2815.96
13033.0,"2010-12-17",2,220.55
13034.0,"2011-10-16",3,756.82
13035.0,"2011-09-27",3,1364.20
13036.0,"2010-01-24",1,307.10
13037.0,"2011-07-24",12,3914.95
13038.0,"2011-09-20",3,908.46
13039.0,"2010-05-04",4,1010.73
13040.0,"2011-12-01",2,676.99
13041.0,"2010-09-15",4,799.13
13042.0,"2010-04-20",3,1488.59
13043.0,"2011-03-11",1,516.42
13044.0,"2011-02-21",11,4848.05
13045.0,"2011-09-01",3,808.92
13046.0,"2011-11-09",3,949.25
13047.0,"2011-11-08",24,8428.53
13048.0,"2011-11-25",9,4049.13
13049.0,"2011-10-06",4,1408.24
13050.0,"2011-11-25",35,11986.52
13051.0,"2010-05-10",2,155.80
13052.0,"2011-05-11",7,3119.33
13053.0,"2010-03-28",1,127.65
13055.0,"2011-09-22",4,2321.11
13056.0,"2010-06-06",1,209.48
13057.0,"2010-06-27",3,709.59
13058.0,"2011-11-15",3,271.40
13059.0,"2011-04-04",10,2291.77
13060.0,"2011-03-31",1,307.53
13061.0,"2011-09-28",1,248.61
13062.0,"2011-06-01",1,346.98
13063.0,"2010-08-16",1,188.40
13064.0,"2011-11-27",6,1666.84
13065.0,"2010-12-01",5,1055.05
13066.0,"2011-11-15",2,470.80
13067.0,"2011-09-18",3,508.51
13068.0,"2011-11-29",2,344.00
13069.0,"2011-12-09",38,9284.45
13070.0,"2011-05-31",4,751.70
13071.0,"2010-04-06",1,129.22
13072.0,"2011-03-18",1,177.15
13073.0,"2010-10-24",2,418.08
13074.0,"2010-07-16",4,1378.74
13075.0,"2011-08-02",1,919.61
13076.0,"2010-09-08",1,135.40
13077.0,"2011-12-08",11,2740.65
13078.0,"2011-12-06",57,29018.06
13079.0,"2011-12-05",6,419.18
13080.0,"2011-06-13",4,280.73
13081.0,"2011-11-28",28,56838.37
13082.0,"2011-08-05",21,7335.75
13083.0,"2011-12-05",3,395.43
13084.0,"2010-08-05",1,122.40
13085.0,"2011-07-05",8,2433.28
13086.0,"2010-11-22",1,439.33
13087.0,"2009-12-13",1,313.64
13088.0,"2010-10-18",1,236.11
13089.0,"2011-12-07",203,113416.91
13090.0,"2011-12-01",24,13091.74
13091.0,"2011-11-11",3,2321.82
13092.0,"2011-09-30",12,2140.28
13093.0,"2011-03-09",55,54144.25
13094.0,"2011-11-18",13,2209.44
13095.0,"2011-09-30",1,74.40
13096.0,"2010-11-10",1,419.70
13097.0,"2011-11-07",28,13324.10
13098.0,"2011-12-08",28,28882.44
13099.0,"2011-09-01",1,207.36
13101.0,"2011-04-19",4,695.40
13102.0,"2011-12-08",37,11380.10
13103.0,"2011-10-31",3,709.64
13104.0,"2011-12-06",9,1709.10
13105.0,"2010-09-29",1,72.00
13106.0,"2011-07-29",2,603.46
13107.0,"2011-10-26",9,5253.07
13108.0,"2010-12-02",2,748.46
13109.0,"2011-10-11",3,1134.03
13110.0,"2011-11-08",12,2957.47
13111.0,"2009-12-21",1,321.88
13112.0,"2010-06-16",1,20.60
13113.0,"2011-12-09",37,18230.07
13114.0,"2009-12-09",1,234.38
13115.0,"2011-11-28",10,5494.70
13116.0,"2011-07-24",1,501.14
13117.0,"2011-11-18",18,2255.66
13118.0,"2011-11-20",9,2415.41
13119.0,"2010-02-09",1,134.90
13120.0,"2011-04-15",1,30.60
13121.0,"2011-03-15",1,283.73
13122.0,"2011-09-06",2,922.39
13123.0,"2010-08-24",2,506.75
13124.0,"2011-09-11",4,4641.66
13125.0,"2010-07-04",1,148.62
13126.0,"2011-12-05",13,3774.81
13127.0,"2011-09-23",1,259.17
13128.0,"2010-03-18",1,263.50
13129.0,"2010-09-13",2,233.25
13130.0,"2011-09-06",1,64.00
13131.0,"2011-11-16",7,3313.77
13132.0,"2011-03-23",1,77.30
13133.0,"2011-03-11",3,200.45
13134.0,"2011-09-15",6,2475.23
13135.0,"2011-05-27",2,3371.45
13136.0,"2011-10-14",13,6274.56
13137.0,"2011-11-29",16,7586.94
13138.0,"2011-11-17",7,1274.01
13139.0,"2011-11-23",8,8202.98
13140.0,"2011-08-23",5,1054.92
13141.0,"2011-09-16",17,7656.08
13142.0,"2011-11-20",1,307.09
13143.0,"2010-05-04",1,405.10
13144.0,"2011-01-11",2,135.35
13145.0,"2011-10-31",7,1128.52
13146.0,"2011-11-13",1,228.91
13147.0,"2011-11-29",4,712.80
13148.0,"2011-11-10",26,8497.82
13149.0,"2011-11-25",4,1676.06
13150.0,"2010-08-12",3,449.97
13151.0,"2011-02-17",3,2465.21
13152.0,"2010-10-18",7,2146.38
13153.0,"2011-12-04",1,486.22
13154.0,"2010-11-05",3,1624.84
13155.0,"2011-11-06",6,1370.48
13156.0,"2010-11-19",3,1586.54
13157.0,"2011-10-21",9,5687.36
13158.0,"2011-09-06",5,1508.18
13159.0,"2011-12-01",4,1429.35
13160.0,"2011-11-17",1,91.80
13161.0,"2011-01-30",2,472.13
13162.0,"2011-08-09",16,9275.49
13163.0,"2010-04-08",1,17.65
13164.0,"2010-05-19",2,372.20
13165.0,"2011-10-24",3,1451.16
13166.0,"2011-03-01",2,875.93
13167.0,"2011-11-21",5,1125.15
13168.0,"2011-11-03",5,1840.73
13169.0,"2011-10-07",3,840.08
13170.0,"2011-11-13",1,108.81
13171.0,"2011-11-18",3,468.41
13172.0,"2010-11-04",1,69.60
13173.0,"2011-12-05",11,2399.82
13174.0,"2011-11-23",12,7995.36
13175.0,"2010-05-06",2,831.45
13176.0,"2011-10-24",1,481.49
13177.0,"2011-10-06",2,512.20
13178.0,"2011-11-13",21,14059.19
13179.0,"2010-03-31",1,572.31
13180.0,"2010-04-11",1,86.10
13181.0,"2010-11-23",1,359.69
13182.0,"2011-10-25",1,121.18
13183.0,"2011-12-02",15,7036.18
13184.0,"2011-11-25",10,1668.95
13185.0,"2011-03-17",1,71.40
13186.0,"2011-10-31",3,1575.89
13187.0,"2011-01-06",4,341.36
13188.0,"2011-11-28",1,114.60
13189.0,"2011-11-21",2,260.68
13190.0,"2010-06-13",3,570.66
13191.0,"2010-02-19",1,164.69
13192.0,"2011-09-05",6,2558.58
13193.0,"2011-10-09",1,112.08
13194.0,"2011-07-27",2,472.78
13195.0,"2010-10-21",1,136.73
13196.0,"2011-11-28",7,3068.84
13197.0,"2010-04-09",1,373.01
13198.0,"2011-11-29",8,4974.23
13199.0,"2011-12-06",67,15964.21
13200.0,"2011-11-20",4,870.09
13201.0,"2010-07-25",4,1233.06
13202.0,"2010-11-10",7,1580.30
13203.0,"2011-11-30",10,2648.25
13204.0,"2009-12-08",1,966.66
13205.0,"2010-09-22",1,2803.20
13206.0,"2010-11-04",13,8308.19
13207.0,"2011-11-24",4,535.86
13208.0,"2011-10-12",9,1976.30
13209.0,"2011-11-09",13,8509.51
13210.0,"2011-09-07",1,353.48
13211.0,"2011-11-29",10,2618.77
13212.0,"2011-11-20",3,786.83
13213.0,"2011-10-14",11,3851.52
13214.0,"2010-10-18",7,3264.23
13215.0,"2010-11-02",1,81.60
13216.0,"2011-03-17",1,333.74
13217.0,"2011-08-09",4,666.48
13218.0,"2011-08-04",1,62.64
13219.0,"2010-03-31",1,76.23
13220.0,"2011-09-22",5,1336.09
13221.0,"2011-04-13",2,847.41
13222.0,"2010-05-11",1,88.50
13223.0,"2011-05-23",6,969.12
13224.0,"2011-10-10",2,2155.95
13225.0,"2011-12-06",16,16260.07
13226.0,"2011-03-11",2,312.46
13227.0,"2011-05-22",1,257.70
13228.0,"2011-09-19",1,358.00
13229.0,"2011-04-28",1,160.95
13230.0,"2011-12-05",30,6120.01
13232.0,"2011-11-27",7,1328.35
13233.0,"2011-09-26",4,1176.46
13234.0,"2010-02-05",2,346.50
13235.0,"2011-05-11",1,1031.07
13236.0,"2011-11-15",2,744.85
13237.0,"2010-11-17",1,643.00
13238.0,"2011-11-22",6,1006.63
13239.0,"2011-03-23",5,1594.69
13240.0,"2011-09-04",8,1475.79
13241.0,"2010-10-24",1,112.53
13242.0,"2011-08-19",7,699.40
13243.0,"2011-05-20",5,1220.38
13244.0,"2011-09-08",1,121.74
13245.0,"2011-10-20",2,989.22
13246.0,"2011-11-21",11,3351.75
13247.0,"2011-11-22",4,501.12
13248.0,"2011-08-07",2,465.68
13249.0,"2011-09-08",9,1608.93
13250.0,"2010-09-05",2,253.09
13251.0,"2010-11-02",1,252.68
13252.0,"2010-11-10",2,399.30
13253.0,"2011-07-06",4,2951.11
13254.0,"2010-11-28",1,51.41
13255.0,"2011-11-30",3,678.76
13257.0,"2010-09-29",1,149.75
13258.0,"2011-11-28",5,1009.43
13259.0,"2011-10-09",9,1402.54
13260.0,"2011-10-09",1,557.62
13261.0,"2011-03-16",2,944.10
13262.0,"2011-03-21",3,573.45
13263.0,"2011-12-08",39,8676.20
13264.0,"2010-09-23",1,722.56
13265.0,"2011-10-17",5,2092.66
13266.0,"2011-11-28",19,6135.04
13267.0,"2011-12-07",36,9429.81
13268.0,"2011-11-22",11,3174.75
13269.0,"2011-12-08",28,8537.32
13270.0,"2010-12-08",1,590.00
13271.0,"2011-11-02",1,211.49
13272.0,"2011-11-08",2,276.56
13273.0,"2011-08-18",1,138.98
13274.0,"2010-10-26",1,360.85
13275.0,"2010-11-21",2,238.86
13276.0,"2011-10-07",5,1891.91
13277.0,"2011-11-24",7,523.30
13278.0,"2011-10-30",4,1435.85
13279.0,"2011-09-22",1,137.75
13280.0,"2011-08-09",7,2293.33
13281.0,"2010-09-26",1,350.85
13282.0,"2011-11-21",4,1313.19
13283.0,"2011-10-11",4,373.36
13284.0,"2011-01-13",1,201.19
13285.0,"2011-11-16",6,3364.59
13286.0,"2010-04-18",1,734.91
13287.0,"2010-04-15",3,781.59
13288.0,"2010-09-22",5,927.61
13289.0,"2009-12-16",1,307.95
13290.0,"2010-09-27",1,208.63
13291.0,"2011-07-07",11,3270.79
13292.0,"2011-11-01",5,994.51
13293.0,"2010-11-12",6,1192.94
13294.0,"2011-06-03",3,1689.53
13295.0,"2010-12-15",4,1101.97
13296.0,"2011-07-25",6,792.51
13297.0,"2011-12-02",7,4368.62
13298.0,"2011-12-08",1,360.00
13299.0,"2011-03-16",3,1218.70
13300.0,"2011-06-23",3,1285.51
13301.0,"2011-08-28",4,618.09
13302.0,"2011-07-07",2,159.20
13303.0,"2010-11-04",1,61.72
13304.0,"2010-12-23",4,1217.99
13305.0,"2011-12-05",16,3616.41
13306.0,"2010-10-05",1,53.65
13307.0,"2011-08-11",3,273.34
13308.0,"2011-11-17",4,1670.37
13309.0,"2011-12-02",6,1706.37
13310.0,"2011-11-11",5,1541.20
13311.0,"2011-12-05",2,598.57
13312.0,"2010-09-14",1,124.75
13313.0,"2011-11-17",12,3445.32
13314.0,"2011-12-08",3,775.94
13315.0,"2010-01-19",1,310.26
13316.0,"2011-11-02",10,12940.82
13317.0,"2011-10-04",19,6486.09
13318.0,"2011-12-08",3,640.76
13319.0,"2011-12-04",58,21323.22
13320.0,"2011-09-22",6,2211.60
13321.0,"2011-09-28",2,567.36
13322.0,"2011-11-22",1,199.48
13323.0,"2011-12-06",5,787.85
13324.0,"2011-11-03",18,10513.47
13325.0,"2011-09-19",1,675.30
13326.0,"2010-10-03",1,281.76
13327.0,"2011-11-01",20,9134.48
13328.0,"2011-01-27",1,1308.48
13329.0,"2011-11-08",8,4808.77
13330.0,"2011-09-08",6,2796.10
13331.0,"2010-11-03",1,262.40
13332.0,"2011-11-25",1,350.90
13333.0,"2010-10-24",3,1015.74
13334.0,"2011-09-18",5,6201.80
13336.0,"2011-09-23",1,795.12
13337.0,"2010-06-11",1,1575.26
13338.0,"2011-07-05",4,2445.62
13339.0,"2011-05-23",1,860.12
13340.0,"2011-10-25",12,22100.56
13341.0,"2011-03-24",1,775.85
13343.0,"2011-06-15",1,353.43
13344.0,"2011-10-03",3,2511.69
13345.0,"2011-02-25",1,389.50
13346.0,"2010-09-03",6,299.40
13347.0,"2011-09-30",1,341.36
13348.0,"2011-10-06",1,233.76
13349.0,"2011-11-29",1,247.32
13350.0,"2011-11-23",2,979.12
13351.0,"2011-10-04",1,373.94
13352.0,"2011-10-10",1,397.98
13354.0,"2011-09-29",1,743.53
13355.0,"2011-08-09",1,674.70
13356.0,"2011-09-20",1,768.24
13357.0,"2011-03-27",5,3805.51
13358.0,"2011-03-16",1,439.03
13359.0,"2011-10-07",2,1043.31
13360.0,"2010-10-04",4,1553.65
13361.0,"2010-08-24",2,1450.50
13362.0,"2011-11-30",7,5394.07
13363.0,"2011-11-22",3,1723.86
13364.0,"2011-09-29",1,134.96
13365.0,"2011-11-06",2,2225.37
13366.0,"2011-10-20",1,56.16
13367.0,"2010-10-04",1,510.20
13368.0,"2011-03-28",4,1121.50
13369.0,"2010-12-09",1,308.28
13370.0,"2010-12-03",1,754.87
13371.0,"2010-07-22",2,2297.66
13372.0,"2011-09-11",1,378.64
13373.0,"2011-10-10",6,7587.19
13374.0,"2010-10-21",2,422.80
13375.0,"2011-09-12",2,1792.23
13376.0,"2011-09-01",3,1019.76
13377.0,"2010-11-08",2,1552.88
13379.0,"2011-11-13",3,572.56
13380.0,"2010-10-03",1,62.40
13381.0,"2011-11-08",12,8224.37
13382.0,"2011-03-04",5,1387.58
13383.0,"2010-06-14",1,305.28
13384.0,"2011-11-09",11,6680.83
13385.0,"2011-01-14",1,534.57
13386.0,"2010-10-21",2,835.46
13387.0,"2010-10-18",1,186.94
13388.0,"2011-07-31",3,1185.65
13389.0,"2011-11-28",3,797.96
13390.0,"2011-09-26",1,544.08
13391.0,"2011-05-20",1,59.80
13392.0,"2010-01-31",1,91.14
13393.0,"2010-05-05",4,1131.45
13394.0,"2011-12-08",19,6621.70
13395.0,"2011-06-07",3,1180.23
13396.0,"2011-11-10",2,1360.99
13397.0,"2011-09-28",10,3191.87
13398.0,"2011-05-31",2,670.34
13399.0,"2010-09-01",3,275.40
13400.0,"2010-05-06",1,310.83
13402.0,"2011-08-04",4,1226.85
13403.0,"2011-11-22",3,229.50
13404.0,"2011-12-08",2,252.49
13405.0,"2011-09-26",6,1213.81
13406.0,"2010-10-08",2,568.92
13407.0,"2010-05-10",3,2244.70
13408.0,"2011-12-08",106,50174.78
13410.0,"2011-11-15",9,2201.96
13411.0,"2011-08-24",1,213.55
13412.0,"2010-03-29",1,487.35
13413.0,"2010-03-10",6,429.44
13414.0,"2011-07-29",6,2494.14
13415.0,"2010-08-24",4,784.17
13416.0,"2011-10-27",3,940.80
13417.0,"2011-12-05",6,1669.49
13418.0,"2011-11-28",31,11559.66
13419.0,"2011-10-07",1,221.06
13420.0,"2011-07-13",2,159.85
13421.0,"2011-10-30",8,4058.75
13422.0,"2011-10-06",1,2626.30
13423.0,"2010-10-07",1,217.03
13424.0,"2010-09-16",1,572.77
13425.0,"2011-08-23",5,3390.43
13426.0,"2011-12-09",22,8167.38
13427.0,"2011-11-20",6,1006.53
13428.0,"2011-11-29",3,478.54
13429.0,"2011-11-29",4,1006.80
13430.0,"2011-11-21",2,679.45
13431.0,"2011-10-03",8,3316.24
13432.0,"2010-05-17",2,439.10
13433.0,"2010-07-26",4,658.32
13434.0,"2011-09-26",5,1666.86
13435.0,"2011-12-04",9,4447.33
13436.0,"2011-12-08",1,196.89
13437.0,"2011-11-25",7,3408.06
13438.0,"2010-06-10",1,46.50
13439.0,"2011-03-29",3,986.61
13440.0,"2010-10-12",7,1295.25
13441.0,"2011-09-09",2,720.90
13442.0,"2010-02-10",3,419.87
13443.0,"2010-09-17",6,1273.16
13444.0,"2010-11-30",2,619.08
13445.0,"2010-03-23",1,241.90
13446.0,"2010-10-05",11,3881.89
13447.0,"2011-11-16",3,1129.14
13448.0,"2011-11-23",13,8745.93
13449.0,"2011-11-16",1,291.88
13450.0,"2011-11-13",13,4120.04
13451.0,"2011-11-13",11,7090.06
13452.0,"2011-03-25",3,729.80
13453.0,"2011-06-27",3,781.69
13454.0,"2010-03-08",1,219.87
13455.0,"2011-11-15",6,2212.99
13456.0,"2011-11-22",6,1766.72
13457.0,"2010-01-20",2,148.22
13458.0,"2011-12-02",16,11959.27
13459.0,"2010-03-25",2,1160.41
13460.0,"2011-11-10",2,183.44
13461.0,"2011-11-01",6,4160.00
13462.0,"2011-04-01",5,1153.85
13464.0,"2011-10-12",6,3097.64
13465.0,"2010-09-19",2,931.12
13466.0,"2011-06-08",5,1013.35
13467.0,"2011-11-29",2,1071.91
13468.0,"2011-12-08",72,12793.28
13469.0,"2010-02-24",1,82.40
13470.0,"2011-09-01",2,165.00
13471.0,"2011-12-08",4,2501.84
13472.0,"2010-09-02",2,592.24
13473.0,"2011-10-10",8,2657.76
13474.0,"2011-04-17",3,646.59
13475.0,"2011-06-01",4,1431.78
13476.0,"2011-06-14",5,2061.47
13477.0,"2011-11-02",11,2819.17
13478.0,"2010-08-27",5,2215.78
13479.0,"2011-05-23",4,851.37
13480.0,"2010-10-19",2,627.82
13481.0,"2011-10-25",11,3830.84
13482.0,"2011-04-21",2,336.09
13483.0,"2011-10-05",1,140.34
13484.0,"2011-04-12",3,790.72
13485.0,"2011-04-20",11,3019.22
13486.0,"2011-09-22",3,1122.41
13487.0,"2011-10-13",5,846.87
13488.0,"2011-11-22",23,14205.96
13489.0,"2011-08-26",4,449.52
13490.0,"2010-02-23",1,154.25
13491.0,"2011-10-19",27,4467.66
13492.0,"2011-07-26",3,1269.84
13493.0,"2011-03-09",2,618.63
13494.0,"2011-02-01",1,316.26
13495.0,"2011-12-02",10,4863.31
13496.0,"2011-11-29",2,653.33
13497.0,"2011-03-02",6,1166.83
13498.0,"2009-12-09",1,327.38
13499.0,"2011-11-22",5,1159.11
13500.0,"2011-11-16",4,1466.30
13501.0,"2011-02-24",3,2885.11
13502.0,"2011-11-23",5,780.50
13503.0,"2011-09-29",6,1859.24
13504.0,"2011-10-06",1,295.93
13505.0,"2011-09-28",4,4393.63
13506.0,"2011-01-27",5,1338.08
13507.0,"2011-12-06",4,2479.16
13508.0,"2011-04-10",2,287.05
13509.0,"2011-12-01",8,1114.72
13510.0,"2011-12-08",11,4558.29
13511.0,"2010-02-01",1,282.76
13512.0,"2011-03-24",4,713.39
13513.0,"2011-08-05",3,824.59
13514.0,"2011-09-27",4,815.90
13515.0,"2011-09-28",6,1265.82
13516.0,"2011-11-18",4,1685.26
13517.0,"2011-10-11",3,2128.42
13518.0,"2011-09-15",1,627.16
13519.0,"2011-09-22",2,343.21
13520.0,"2011-10-12",11,6606.00
13521.0,"2011-12-08",3,1071.73
13522.0,"2011-11-09",1,125.80
13523.0,"2011-11-06",6,4534.57
13524.0,"2011-10-30",5,680.18
13525.0,"2011-11-25",2,628.78
13526.0,"2009-12-01",2,1182.00
13527.0,"2011-11-06",12,4541.29
13529.0,"2011-09-22",2,307.76
13530.0,"2010-03-15",1,402.98
13531.0,"2011-05-18",6,1433.07
13532.0,"2011-11-06",1,210.31
13533.0,"2011-06-10",3,269.09
13534.0,"2011-12-07",35,7720.90
13535.0,"2010-11-02",1,89.50
13536.0,"2011-12-08",7,3444.39
13537.0,"2010-10-10",2,717.85
13538.0,"2011-10-27",12,3103.13
13539.0,"2011-09-15",7,1569.36
13540.0,"2010-08-29",3,632.39
13541.0,"2010-10-08",2,785.25
13542.0,"2010-11-28",17,3959.49
13543.0,"2010-03-15",2,1439.61
13544.0,"2011-10-31",6,790.20
13545.0,"2010-11-14",2,364.93
13546.0,"2011-11-27",5,1086.24
13547.0,"2010-10-27",1,167.08
13548.0,"2011-09-04",3,901.44
13549.0,"2011-11-14",8,1005.80
13550.0,"2010-11-21",1,342.55
13551.0,"2011-01-24",2,244.20
13552.0,"2011-10-04",22,6948.92
13553.0,"2010-02-03",1,499.60
13554.0,"2010-11-24",7,1629.35
13555.0,"2011-09-27",13,8891.84
13556.0,"2010-10-06",2,200.82
13557.0,"2011-11-11",13,3032.26
13558.0,"2011-12-04",4,594.52
13559.0,"2010-07-15",2,990.00
13560.0,"2011-12-02",1,171.42
13561.0,"2011-05-08",11,1803.40
13562.0,"2011-09-19",8,4838.18
13563.0,"2011-09-16",2,777.53
13564.0,"2011-07-18",37,16498.97
13565.0,"2011-11-20",3,414.80
13566.0,"2011-10-30",5,1688.60
13567.0,"2010-10-07",4,1079.29
13568.0,"2011-06-19",1,187.05
13569.0,"2011-11-22",4,726.54
13570.0,"2011-04-10",1,239.49
13571.0,"2011-11-27",26,4537.26
13572.0,"2011-05-18",1,1384.25
13573.0,"2011-10-20",6,904.52
13574.0,"2010-10-24",1,404.45
13575.0,"2011-11-16",5,732.07
13576.0,"2011-11-29",28,11202.59
13577.0,"2011-11-14",11,3489.28
13578.0,"2010-10-26",1,147.66
13579.0,"2011-11-25",5,1374.34
13580.0,"2010-10-29",1,107.75
13581.0,"2011-02-03",2,280.53
13582.0,"2010-11-15",2,241.68
13583.0,"2011-07-07",2,1445.03
13584.0,"2011-02-06",3,385.70
13585.0,"2010-06-27",3,684.54
13586.0,"2010-06-16",1,127.28
13587.0,"2011-10-07",4,1673.50
13588.0,"2011-11-24",9,2478.95
13589.0,"2011-11-25",6,1120.74
13590.0,"2011-11-28",18,6336.04
13591.0,"2011-10-06",7,2093.94
13592.0,"2011-11-04",4,247.96
13593.0,"2011-08-23",14,5493.29
13594.0,"2011-10-18",2,533.32
13595.0,"2010-07-11",3,784.48
13596.0,"2011-12-04",2,664.11
13597.0,"2010-11-04",2,396.71
13598.0,"2011-10-23",5,761.96
13599.0,"2011-12-08",33,9811.04
13600.0,"2011-01-31",2,518.42
13601.0,"2011-10-25",4,1159.99
13602.0,"2011-10-06",4,1025.17
13603.0,"2011-11-13",1,164.34
13604.0,"2010-02-19",1,717.62
13605.0,"2010-11-17",2,522.67
13606.0,"2011-11-10",3,276.75
13607.0,"2011-10-30",2,1075.81
13608.0,"2010-06-17",1,232.05
13609.0,"2010-04-25",1,167.35
13610.0,"2011-11-27",14,2103.71
13611.0,"2011-09-11",10,3297.93
13612.0,"2010-03-17",1,818.29
13613.0,"2010-09-13",5,1039.85
13614.0,"2011-11-15",6,2332.74
13615.0,"2011-01-25",8,6272.53
13616.0,"2010-05-20",2,283.85
13617.0,"2011-10-30",8,1278.75
13618.0,"2011-06-19",1,177.34
13619.0,"2010-06-13",2,224.94
13620.0,"2010-06-29",1,112.34
13621.0,"2011-08-15",1,213.85
13622.0,"2010-01-12",1,658.95
13623.0,"2011-11-09",10,2533.06
13624.0,"2010-11-16",1,462.08
13625.0,"2010-04-22",1,301.26
13626.0,"2011-04-01",2,707.04
13627.0,"2011-10-11",7,2245.90
13628.0,"2010-02-01",1,310.14
13629.0,"2011-11-16",19,13370.86
13630.0,"2011-12-04",7,2031.78
13631.0,"2011-09-01",11,3070.42
13632.0,"2011-11-15",8,3645.81
13634.0,"2011-11-06",16,5033.77
13635.0,"2011-10-03",4,2999.16
13636.0,"2011-11-03",5,949.12
13637.0,"2011-10-18",3,804.30
13638.0,"2011-11-24",1,122.64
13639.0,"2011-09-26",2,1346.27
13640.0,"2010-04-07",1,405.00
13641.0,"2010-03-09",5,1016.47
13642.0,"2011-05-08",4,472.20
13643.0,"2011-11-08",10,2156.77
13644.0,"2011-11-23",4,2624.26
13645.0,"2011-08-11",1,252.10
13646.0,"2010-11-05",2,326.25
13647.0,"2011-11-30",8,3041.68
13648.0,"2010-11-04",8,1764.02
13649.0,"2011-03-28",6,1453.68
13650.0,"2011-11-23",10,3288.00
13651.0,"2011-11-04",3,226.85
13652.0,"2011-10-25",5,2262.05
13653.0,"2010-08-09",1,152.20
13654.0,"2011-10-27",11,6308.00
13655.0,"2011-08-17",6,2280.51
13656.0,"2011-06-28",4,1078.85
13657.0,"2011-11-29",2,382.14
13658.0,"2011-11-30",9,6025.50
13659.0,"2011-05-18",12,4884.68
13660.0,"2010-11-04",1,306.64
13661.0,"2010-04-15",1,325.24
13662.0,"2011-09-15",11,2233.61
13663.0,"2011-06-13",5,2047.51
13665.0,"2010-11-18",3,1711.66
13666.0,"2011-10-10",5,127.90
13667.0,"2011-07-13",1,299.05
13668.0,"2011-12-07",35,12948.48
13669.0,"2011-10-20",3,413.55
13670.0,"2011-09-25",1,349.70
13671.0,"2010-11-10",1,172.60
13672.0,"2011-02-11",3,419.92
13673.0,"2011-11-21",2,387.44
13674.0,"2010-10-03",1,240.68
13675.0,"2011-07-11",2,486.82
13676.0,"2010-06-18",2,243.90
13677.0,"2010-10-31",2,551.24
13678.0,"2011-07-11",1,232.60
13679.0,"2010-08-03",3,281.26
13680.0,"2011-12-08",12,11419.67
13681.0,"2011-11-22",4,827.83
13682.0,"2011-06-05",1,59.50
13683.0,"2010-09-08",1,258.60
13684.0,"2011-02-27",4,594.88
13685.0,"2011-12-07",7,3119.44
13686.0,"2011-06-10",3,409.04
13687.0,"2010-09-27",1,11880.84
13688.0,"2010-03-14",1,375.50
13689.0,"2011-10-07",2,1259.50
13690.0,"2011-10-11",1,172.25
13691.0,"2010-11-08",1,212.78
13692.0,"2011-11-15",5,3114.40
13693.0,"2010-11-30",9,2011.82
13694.0,"2011-12-06",143,195640.69
13695.0,"2011-11-08",16,2770.73
13696.0,"2010-10-14",3,2020.40
13697.0,"2011-11-01",1,151.30
13698.0,"2010-04-22",2,451.73
13699.0,"2011-07-07",2,764.15
13700.0,"2011-11-13",13,2596.97
13701.0,"2010-09-19",1,161.00
13702.0,"2010-09-20",1,135.18
13703.0,"2011-01-25",2,425.56
13704.0,"2011-12-04",9,2308.06
13705.0,"2011-12-02",7,1717.19
13706.0,"2011-02-10",2,631.17
13707.0,"2011-03-17",5,3365.86
13708.0,"2011-03-13",1,285.33
13709.0,"2011-12-06",18,7571.35
13710.0,"2011-11-08",3,509.52
13711.0,"2011-05-05",9,1792.26
13712.0,"2011-04-07",2,766.42
13713.0,"2010-10-27",3,740.76
13714.0,"2010-08-31",1,161.35
13715.0,"2011-03-03",17,8153.04
13716.0,"2011-03-15",1,138.28
13717.0,"2011-11-07",8,1763.30
13718.0,"2011-04-07",2,306.55
13719.0,"2011-11-24",11,2783.08
13720.0,"2011-08-15",4,799.90
13721.0,"2011-11-03",2,741.54
13722.0,"2011-07-31",10,5635.41
13723.0,"2011-05-06",6,1194.08
13724.0,"2010-03-12",1,213.01
13725.0,"2011-10-21",8,1980.56
13726.0,"2011-11-01",2,1079.66
13727.0,"2011-11-11",8,1074.15
13728.0,"2011-11-03",16,2855.17
13729.0,"2010-09-30",3,724.73
13730.0,"2011-07-27",2,752.60
13731.0,"2011-05-04",2,610.59
13732.0,"2011-11-11",1,491.86
13733.0,"2010-10-25",2,487.03
13734.0,"2010-07-19",4,6695.69
13735.0,"2011-11-15",13,9762.77
13736.0,"2011-12-04",7,2752.47
13737.0,"2011-05-23",1,339.60
13738.0,"2010-11-08",1,434.78
13739.0,"2011-11-21",2,292.20
13740.0,"2011-04-13",5,1582.77
13741.0,"2011-09-29",3,668.43
13742.0,"2011-11-23",12,3107.87
13743.0,"2011-12-07",7,1341.60
13744.0,"2011-09-05",2,1080.52
13745.0,"2011-06-30",2,777.36
13746.0,"2010-10-22",1,176.69
13747.0,"2010-12-01",2,169.80
13748.0,"2011-09-05",9,2064.35
13750.0,"2011-10-17",11,3602.18
13751.0,"2011-02-24",1,296.25
13752.0,"2011-08-07",7,1579.83
13753.0,"2011-02-25",4,2094.57
13754.0,"2011-07-11",3,447.05
13755.0,"2011-12-06",9,2108.06
13756.0,"2011-12-07",23,8655.95
13757.0,"2010-02-03",1,195.55
13758.0,"2011-11-28",15,8698.13
13759.0,"2011-11-06",2,659.41
13760.0,"2011-10-16",5,1363.64
13761.0,"2011-10-20",6,1952.17
13762.0,"2011-05-05",5,2472.48
13763.0,"2011-10-07",3,5217.44
13764.0,"2011-09-30",6,2919.62
13765.0,"2010-02-24",1,352.82
13766.0,"2010-08-01",1,190.35
13767.0,"2011-12-07",73,33903.57
13768.0,"2009-12-13",2,875.97
13769.0,"2011-12-07",20,5478.12
13770.0,"2010-10-13",4,785.37
13771.0,"2011-10-06",9,5728.82
13772.0,"2011-11-06",8,3100.02
13773.0,"2010-11-08",2,301.54
13774.0,"2011-09-19",1,345.00
13775.0,"2010-04-28",1,1049.66
13776.0,"2010-10-07",2,623.98
13777.0,"2011-12-09",61,49638.26
13778.0,"2011-08-28",4,1124.49
13779.0,"2010-07-12",1,161.13
13780.0,"2011-12-02",3,732.07
13781.0,"2011-04-03",3,778.83
13782.0,"2011-11-27",13,1786.08
13783.0,"2010-08-09",4,1542.09
13784.0,"2011-11-30",14,2910.23
13785.0,"2010-10-07",4,542.49
13786.0,"2010-12-07",6,3127.99
13787.0,"2011-09-25",6,1222.50
13788.0,"2010-07-22",1,3.75
13789.0,"2010-11-16",1,239.46
13790.0,"2011-12-05",1,348.80
13791.0,"2011-08-04",2,1516.00
13792.0,"2011-10-04",3,383.95
13793.0,"2010-03-03",1,96.00
13794.0,"2010-06-11",1,126.03
13795.0,"2010-11-16",4,836.30
13796.0,"2010-07-28",1,289.70
13797.0,"2010-09-29",3,1179.45
13798.0,"2011-12-08",110,75428.87
13799.0,"2011-08-15",9,2803.57
13800.0,"2011-02-03",3,1679.56
13801.0,"2011-10-04",1,324.80
13802.0,"2011-07-24",19,26259.11
13803.0,"2011-03-29",3,1338.91
13804.0,"2011-11-09",9,3161.12
13805.0,"2011-10-18",2,924.60
13806.0,"2011-10-07",1,256.38
13807.0,"2010-12-07",3,422.20
13808.0,"2011-12-04",5,1747.66
13809.0,"2011-02-07",3,679.70
13810.0,"2011-11-11",3,1499.01
13811.0,"2011-06-09",3,814.50
13812.0,"2011-10-28",3,539.00
13813.0,"2011-10-31",8,2765.47
13814.0,"2011-09-08",3,2257.32
13815.0,"2011-11-17",8,7475.74
13816.0,"2011-11-16",2,571.67
13817.0,"2011-11-10",2,382.98
13818.0,"2010-10-06",1,61.28
13819.0,"2011-02-11",6,2642.35
13820.0,"2010-10-17",3,652.75
13821.0,"2011-07-18",6,1379.08
13822.0,"2011-12-04",2,632.00
13823.0,"2011-11-21",7,3403.45
13824.0,"2011-11-07",12,3314.76
13825.0,"2010-03-28",2,255.59
13826.0,"2011-06-16",1,189.50
13827.0,"2011-10-13",3,409.80
13828.0,"2011-11-17",1,209.49
13829.0,"2010-10-14",1,102.00
13830.0,"2010-05-07",1,156.85
13831.0,"2011-11-23",18,6585.54
13832.0,"2011-11-20",2,609.89
13833.0,"2011-07-03",2,700.41
13834.0,"2010-05-12",2,324.19
13835.0,"2011-11-14",7,1095.27
13836.0,"2010-11-05",2,620.37
13837.0,"2011-05-12",2,266.59
13838.0,"2011-12-04",10,1690.07
13839.0,"2010-08-10",1,139.95
13840.0,"2010-10-19",1,651.40
13841.0,"2011-04-01",1,85.00
13842.0,"2011-10-12",18,5319.34
13843.0,"2010-11-23",1,319.75
13844.0,"2011-11-28",1,361.62
13845.0,"2011-10-06",1,312.98
13846.0,"2011-11-15",4,1307.79
13847.0,"2009-12-20",1,310.72
13848.0,"2011-09-08",8,3015.00
13849.0,"2011-10-19",5,3469.30
13850.0,"2011-08-02",1,1595.48
13851.0,"2011-09-05",8,4606.46
13852.0,"2010-04-08",1,187.35
13853.0,"2011-10-13",1,1090.14
13854.0,"2011-12-01",39,11944.56
13855.0,"2010-07-27",4,1310.34
13856.0,"2011-06-24",11,1142.03
13857.0,"2010-11-11",6,1001.01
13858.0,"2011-10-13",1,216.17
13859.0,"2011-01-17",2,515.86
13860.0,"2011-12-08",5,1245.90
13861.0,"2010-10-06",2,273.26
13862.0,"2011-11-21",9,2556.09
13863.0,"2011-04-06",4,1239.55
13864.0,"2010-11-18",1,662.40
13865.0,"2011-10-12",4,501.56
13866.0,"2011-09-26",1,145.67
13867.0,"2011-11-08",3,1005.09
13868.0,"2011-12-02",2,3192.54
13869.0,"2011-08-08",10,7996.87
13870.0,"2011-12-07",15,5712.08
13871.0,"2011-11-17",17,7885.85
13872.0,"2010-06-30",3,919.57
13873.0,"2011-08-12",8,1038.92
13874.0,"2010-12-16",7,2049.15
13875.0,"2011-10-17",14,4814.37
13876.0,"2011-10-07",1,122.70
13877.0,"2011-09-14",3,449.68
13878.0,"2011-10-16",4,2416.90
13879.0,"2010-03-04",1,395.50
13880.0,"2011-11-18",17,4293.86
13881.0,"2011-12-06",43,45179.10
13882.0,"2011-12-07",5,1191.13
13883.0,"2011-11-29",15,6560.02
13884.0,"2011-12-02",10,1825.03
13885.0,"2011-06-03",2,506.80
13886.0,"2011-09-29",1,243.56
13887.0,"2011-05-19",1,349.55
13888.0,"2011-08-12",7,2001.59
13889.0,"2011-09-08",6,1991.23
13890.0,"2011-12-08",14,2927.38
13891.0,"2010-11-26",3,859.21
13892.0,"2011-11-13",6,1267.65
13893.0,"2011-02-15",1,821.10
13894.0,"2011-11-16",3,564.62
13895.0,"2011-11-11",6,4008.52
13896.0,"2010-03-24",1,388.55
13897.0,"2011-10-20",3,1160.72
13898.0,"2011-01-18",2,686.40
13899.0,"2011-11-23",2,388.52
13900.0,"2011-06-09",6,1610.59
13901.0,"2011-09-28",15,5676.34
13902.0,"2010-03-17",5,34095.26
13903.0,"2010-11-04",1,165.45
13904.0,"2011-11-02",2,332.64
13905.0,"2009-12-07",1,312.65
13906.0,"2010-10-26",1,42.00
13907.0,"2010-01-17",1,136.80
13908.0,"2011-09-21",4,2369.55
13909.0,"2010-10-12",2,282.85
13911.0,"2011-10-13",20,4234.99
13912.0,"2010-10-12",1,124.95
13913.0,"2010-07-21",1,42.22
13914.0,"2011-11-28",2,626.45
13915.0,"2010-11-10",1,70.80
13916.0,"2010-09-02",4,1275.81
13917.0,"2011-10-21",2,272.04
13918.0,"2011-10-21",2,1212.84
13919.0,"2011-10-11",4,1360.68
13920.0,"2010-10-04",4,1774.68
13921.0,"2010-11-02",4,730.70
13922.0,"2010-12-23",3,865.20
13923.0,"2011-10-17",1,351.13
13924.0,"2011-12-08",6,1838.85
13925.0,"2011-09-08",4,678.25
13926.0,"2011-11-16",1,223.85
13927.0,"2011-09-26",2,708.26
13928.0,"2011-11-29",4,464.57
13929.0,"2011-06-23",11,3494.10
13930.0,"2011-10-13",2,337.34
13931.0,"2011-09-05",11,5257.38
13932.0,"2011-02-18",1,307.40
13933.0,"2011-08-22",2,608.79
13934.0,"2011-03-21",1,922.10
13935.0,"2010-04-22",3,6116.92
13936.0,"2011-06-13",3,939.66
13937.0,"2011-06-23",2,880.13
13938.0,"2011-11-04",1,71.66
13939.0,"2011-11-16",7,1560.96
13940.0,"2011-11-22",4,839.14
13941.0,"2011-11-18",15,10027.18
13942.0,"2010-06-23",1,320.00
13943.0,"2010-05-11",1,246.54
13944.0,"2010-02-24",1,200.43
13945.0,"2010-11-10",2,854.15
13946.0,"2011-09-21",6,1876.23
13947.0,"2011-10-05",1,90.60
13948.0,"2010-12-14",4,548.76
13949.0,"2011-12-07",6,2427.32
13950.0,"2011-11-28",4,745.06
13951.0,"2011-06-16",3,674.45
13952.0,"2011-05-06",14,12823.52
13953.0,"2011-12-02",12,6640.68
13954.0,"2011-12-08",2,439.92
13955.0,"2011-07-08",3,544.07
13956.0,"2011-12-04",5,1019.27
13957.0,"2010-10-18",3,458.25
13958.0,"2010-11-25",8,4709.23
13959.0,"2011-09-21",6,1064.77
13960.0,"2011-11-18",2,230.22
13961.0,"2010-11-12",1,538.40
13962.0,"2011-11-18",3,362.80
13963.0,"2011-02-04",17,2860.57
13964.0,"2010-11-17",2,438.90
13965.0,"2010-08-20",3,996.61
13966.0,"2010-09-30",1,384.26
13967.0,"2011-07-17",2,166.30
13968.0,"2010-10-12",1,123.66
13969.0,"2011-12-02",35,12973.46
13970.0,"2010-11-18",2,846.55
13971.0,"2011-11-21",14,4667.57
13972.0,"2011-09-30",2,190.25
13973.0,"2011-02-25",1,264.70
13974.0,"2011-10-21",2,677.72
13975.0,"2011-11-08",12,5256.40
13976.0,"2011-05-17",4,1192.36
13977.0,"2010-10-24",1,519.81
13978.0,"2011-11-25",2,196.79
13979.0,"2011-09-27",7,3379.93
13980.0,"2011-10-10",5,768.82
13981.0,"2010-10-20",1,331.14
13982.0,"2011-10-31",9,3954.29
13983.0,"2011-11-10",21,6753.89
13984.0,"2011-11-13",12,1893.80
13985.0,"2011-12-05",22,10020.86
13986.0,"2011-11-22",1,320.46
13987.0,"2010-11-25",2,682.54
13988.0,"2011-11-20",8,4757.80
13989.0,"2011-10-05",5,2026.06
13990.0,"2011-05-10",1,311.30
13991.0,"2011-11-27",6,852.88
13992.0,"2011-11-09",3,219.50
13993.0,"2011-10-28",19,6775.71
13994.0,"2011-12-06",6,2274.14
13995.0,"2011-11-24",14,3902.01
13996.0,"2010-11-18",2,895.76
13997.0,"2010-07-08",3,376.46
13998.0,"2010-09-19",3,566.70
13999.0,"2011-11-29",29,9502.26
14000.0,"2011-05-12",5,2046.34
14001.0,"2011-10-25",9,4228.85
14002.0,"2011-07-28",2,529.73
14003.0,"2009-12-07",1,209.41
14004.0,"2011-10-27",11,6258.45
14005.0,"2011-11-30",5,2874.72
14006.0,"2011-08-16",7,2196.67
14007.0,"2010-07-15",1,79.48
14008.0,"2010-10-03",1,509.04
14009.0,"2011-05-25",3,1099.91
14010.0,"2010-05-23",2,445.15
14011.0,"2010-08-16",2,457.82
14012.0,"2011-03-07",1,328.80
14013.0,"2011-08-21",5,1084.57
14014.0,"2011-09-23",3,1948.21
14015.0,"2011-10-18",1,917.34
14016.0,"2011-07-01",11,11403.41
14017.0,"2010-05-17",1,229.75
14018.0,"2010-03-04",1,367.15
14019.0,"2011-10-24",3,1421.61
14020.0,"2011-11-23",4,1249.01
14021.0,"2011-07-07",7,1716.58
14022.0,"2011-04-28",2,792.15
14023.0,"2011-12-02",2,584.07
14024.0,"2011-08-10",3,645.74
14025.0,"2010-09-01",8,4057.90
14026.0,"2010-08-26",2,713.11
14027.0,"2011-10-10",1,104.82
14028.0,"2010-06-07",3,10396.50
14029.0,"2011-10-07",2,467.66
14030.0,"2011-11-21",20,7521.80
14031.0,"2011-12-02",44,39019.51
14032.0,"2011-12-07",16,4546.41
14033.0,"2010-06-02",1,109.44
14034.0,"2011-11-17",3,648.89
14035.0,"2011-11-11",9,2794.75
14036.0,"2011-02-28",1,626.65
14037.0,"2011-06-16",6,836.95
14038.0,"2011-09-22",5,3069.88
14039.0,"2011-11-06",2,267.28
14040.0,"2011-10-30",35,12523.81
14041.0,"2011-03-18",1,141.41
14042.0,"2009-12-14",1,431.98
14043.0,"2010-08-05",2,302.60
14044.0,"2011-11-13",10,3077.70
14045.0,"2011-08-22",16,10986.63
14046.0,"2011-02-28",1,154.99
14047.0,"2011-12-01",14,3968.11
14048.0,"2011-02-07",3,748.69
14049.0,"2011-11-23",13,13023.40
14050.0,"2011-11-08",2,746.36
14051.0,"2011-12-09",37,21770.98
14052.0,"2011-11-20",2,466.66
14053.0,"2011-08-07",4,572.30
14054.0,"2011-10-05",1,92.46
14055.0,"2011-08-25",3,1520.96
14056.0,"2011-12-08",23,8152.71
14057.0,"2011-11-16",22,8346.66
14058.0,"2010-09-03",2,469.19
14059.0,"2011-03-18",1,183.60
14060.0,"2011-12-05",30,8898.24
14061.0,"2010-07-20",3,917.43
14062.0,"2011-11-30",24,25585.65
14063.0,"2010-09-27",9,22710.20
14064.0,"2011-11-10",15,3260.24
14065.0,"2010-11-15",3,891.02
14066.0,"2011-03-18",1,152.55
14067.0,"2011-10-07",2,374.70
14068.0,"2011-01-23",4,1516.72
14069.0,"2010-07-13",2,225.81
14070.0,"2010-01-24",1,321.60
14071.0,"2011-12-06",8,1437.57
14072.0,"2010-02-11",1,390.85
14073.0,"2011-11-07",1,151.04
14074.0,"2010-03-26",1,219.40
14075.0,"2011-12-05",6,1734.87
14076.0,"2011-08-02",1,118.67
14077.0,"2011-10-30",6,615.08
14078.0,"2011-08-30",9,1553.47
14079.0,"2011-08-07",2,618.73
14080.0,"2011-11-07",5,1115.68
14081.0,"2011-02-10",10,4867.57
14082.0,"2010-12-10",2,413.36
14083.0,"2011-12-05",11,1082.19
14084.0,"2010-07-15",1,150.50
14085.0,"2011-12-07",33,9720.67
14086.0,"2010-09-03",1,39.95
14087.0,"2011-12-07",3,829.47
14088.0,"2011-11-29",16,64036.80
14089.0,"2011-10-14",1,158.75
14090.0,"2011-01-19",1,76.32
14091.0,"2010-02-23",2,9530.08
14092.0,"2011-12-02",24,7229.45
14093.0,"2011-11-27",1,433.86
14094.0,"2010-09-26",1,311.77
14095.0,"2009-12-17",1,2.95
14096.0,"2011-12-05",17,65164.79
14097.0,"2010-08-15",2,422.86
14098.0,"2011-11-03",1,147.35
14099.0,"2011-11-23",20,5750.91
14100.0,"2011-07-25",1,191.95
14101.0,"2011-09-27",13,9961.93
14102.0,"2011-12-04",5,1105.88
14104.0,"2011-07-08",5,743.53
14105.0,"2011-04-14",5,5988.83
14106.0,"2009-12-02",1,214.80
14107.0,"2011-10-19",11,4877.30
14108.0,"2011-11-09",4,1044.96
14109.0,"2011-09-28",1,144.20
14110.0,"2011-12-06",33,12987.95
14111.0,"2011-11-25",4,692.85
14112.0,"2011-11-17",13,5834.59
14113.0,"2011-12-06",16,7092.61
14114.0,"2011-03-11",7,1364.09
14115.0,"2010-07-26",2,622.67
14116.0,"2011-11-20",5,1382.74
14117.0,"2011-07-19",1,90.00
14118.0,"2010-10-07",1,458.45
14119.0,"2010-11-29",2,183.37
14121.0,"2011-12-06",4,2780.15
14122.0,"2010-10-29",3,362.42
14123.0,"2009-12-06",1,436.18
14124.0,"2011-09-16",1,419.58
14125.0,"2011-11-29",3,2720.63
14126.0,"2011-12-02",4,1172.46
14127.0,"2011-08-09",6,1900.08
14128.0,"2011-10-10",3,924.21
14129.0,"2011-12-08",9,2591.34
14130.0,"2011-01-24",4,1858.77
14131.0,"2010-03-01",1,168.22
14132.0,"2011-12-07",11,3586.03
14133.0,"2011-08-02",4,911.14
14134.0,"2010-11-22",15,11123.35
14135.0,"2011-12-08",24,8839.67
14136.0,"2010-11-04",5,1570.81
14137.0,"2010-01-13",1,332.70
14138.0,"2011-12-08",2,965.88
14139.0,"2011-10-24",4,1086.80
14140.0,"2011-12-06",2,935.05
14141.0,"2011-12-07",4,915.13
14142.0,"2010-12-01",2,671.34
14143.0,"2011-07-29",1,115.80
14144.0,"2010-08-10",1,30.60
14145.0,"2011-10-24",7,7600.05
14146.0,"2011-12-01",12,9450.30
14147.0,"2011-09-22",9,2590.20
14148.0,"2011-04-20",2,466.29
14149.0,"2011-05-03",1,446.62
14150.0,"2011-11-04",2,658.64
14151.0,"2010-02-04",2,679.45
14152.0,"2011-09-25",7,1997.34
14153.0,"2010-08-13",1,233.40
14154.0,"2011-04-14",8,6460.70
14155.0,"2011-03-18",1,118.75
14156.0,"2011-11-30",156,313437.62
14157.0,"2011-11-20",5,978.69
14158.0,"2011-10-30",1,507.66
14159.0,"2011-11-20",20,7860.80
14160.0,"2010-04-08",7,8421.47
14161.0,"2011-05-08",7,2996.93
14162.0,"2011-06-19",2,289.36
14163.0,"2011-09-13",5,2594.62
14164.0,"2011-09-30",2,1631.77
14165.0,"2011-03-09",1,120.44
14166.0,"2010-07-22",2,251.15
14167.0,"2011-10-31",8,1274.29
14168.0,"2010-10-15",2,370.45
14169.0,"2010-10-05",2,621.51
14170.0,"2010-11-29",3,570.18
14171.0,"2011-09-02",2,498.79
14172.0,"2010-04-13",3,369.02
14173.0,"2011-11-29",6,586.00
14174.0,"2011-11-06",1,134.46
14175.0,"2011-10-11",8,7678.88
14176.0,"2011-02-15",5,756.46
14177.0,"2011-09-14",13,2209.69
14178.0,"2011-12-01",7,1600.26
14179.0,"2011-10-30",2,701.57
14180.0,"2011-11-29",33,6117.50
14181.0,"2010-10-25",2,308.35
14182.0,"2010-09-22",4,678.77
14183.0,"2010-10-24",2,278.34
14184.0,"2011-10-04",1,452.89
14185.0,"2011-01-12",1,197.65
14186.0,"2010-10-08",5,1550.63
14187.0,"2010-08-23",1,123.50
14188.0,"2011-11-09",6,2054.36
14189.0,"2011-12-07",16,5503.15
14190.0,"2010-02-11",1,79.90
14191.0,"2011-12-08",15,4817.66
14192.0,"2010-11-16",1,293.74
14193.0,"2011-10-03",3,1210.19
14194.0,"2011-12-05",36,18670.59
14195.0,"2011-05-22",6,2615.60
14196.0,"2011-08-25",1,335.52
14197.0,"2010-10-25",1,390.05
14198.0,"2011-11-21",9,1569.73
14199.0,"2011-05-05",4,1091.70
14200.0,"2010-04-01",1,379.20
14201.0,"2011-10-10",10,1193.54
14202.0,"2010-11-23",3,847.76
14203.0,"2010-11-07",1,339.34
14204.0,"2011-12-07",4,1024.83
14205.0,"2011-11-23",9,2414.20
14206.0,"2011-04-14",3,1185.01
14207.0,"2010-01-21",1,157.80
14208.0,"2011-09-06",2,567.05
14209.0,"2011-11-29",15,4993.27
14210.0,"2011-08-26",16,5556.57
14211.0,"2011-10-17",18,4402.29
14212.0,"2011-09-11",2,2190.14
14213.0,"2010-10-31",1,1192.20
14214.0,"2011-11-09",5,1004.38
14215.0,"2011-11-28",9,3250.33
14216.0,"2011-12-06",5,2150.04
14217.0,"2011-12-08",23,3298.59
14218.0,"2011-10-28",1,169.48
14219.0,"2011-12-05",3,633.83
14220.0,"2011-04-06",4,1515.00
14221.0,"2011-10-28",17,6517.49
14222.0,"2011-06-15",1,683.17
14223.0,"2011-09-08",3,991.13
14224.0,"2011-08-21",9,1841.71
14225.0,"2010-10-01",4,2031.07
14226.0,"2011-11-11",6,2985.13
14227.0,"2011-11-13",15,6368.71
14228.0,"2010-09-28",3,745.50
14229.0,"2011-10-19",7,2594.04
14230.0,"2010-09-30",3,979.80
14231.0,"2011-06-09",4,1235.62
14232.0,"2011-10-28",5,2048.07
14233.0,"2011-10-21",7,2904.27
14234.0,"2011-11-17",4,754.12
14235.0,"2011-09-25",9,4717.99
14236.0,"2011-09-20",5,1555.34
14237.0,"2010-12-01",2,471.14
14238.0,"2011-01-17",3,434.23
14239.0,"2011-10-27",21,4263.17
14240.0,"2011-11-09",3,1247.49
14241.0,"2011-06-09",2,333.70
14242.0,"2011-04-19",2,280.55
14243.0,"2011-12-01",17,7217.75
14244.0,"2010-02-17",1,366.42
14245.0,"2011-05-04",2,1693.45
14246.0,"2011-08-21",3,1474.06
14247.0,"2011-03-06",5,753.56
14248.0,"2011-01-25",3,1032.95
14249.0,"2010-10-25",12,5400.46
14250.0,"2011-12-02",3,1904.05
14251.0,"2011-12-08",5,2879.70
14252.0,"2010-11-23",1,350.99
14253.0,"2010-08-03",2,363.40
14254.0,"2010-10-03",1,601.03
14255.0,"2010-06-11",1,1000.63
14256.0,"2011-03-24",5,2460.79
14257.0,"2011-10-06",9,5954.45
14258.0,"2011-11-30",25,32051.34
14259.0,"2011-07-21",1,120.00
14260.0,"2010-08-25",3,824.28
14261.0,"2011-10-20",2,1163.45
14262.0,"2011-12-01",8,2618.23
14263.0,"2010-10-12",1,322.93
14264.0,"2011-07-08",6,1517.36
14265.0,"2011-08-22",4,1373.35
14266.0,"2010-10-07",1,40.56
14267.0,"2011-06-30",3,1516.24
14268.0,"2010-08-26",1,354.85
14269.0,"2010-09-26",1,295.73
14270.0,"2011-01-12",1,492.65
14271.0,"2011-04-28",2,214.18
14272.0,"2011-09-27",4,920.81
14273.0,"2011-10-19",4,559.97
14274.0,"2010-01-22",1,256.60
14275.0,"2010-11-09",6,1189.38
14276.0,"2011-09-02",7,2102.68
14277.0,"2011-11-24",9,17197.61
14278.0,"2010-10-26",1,205.83
14279.0,"2010-07-07",2,191.86
14280.0,"2011-05-27",1,134.04
14281.0,"2010-10-27",1,245.15
14282.0,"2011-12-06",25,7250.76
14283.0,"2010-09-02",4,628.44
14284.0,"2011-11-09",3,1299.65
14285.0,"2011-11-18",8,3284.42
14286.0,"2011-11-16",7,8479.76
14287.0,"2011-12-01",3,176.63
14288.0,"2011-05-10",1,426.60
14289.0,"2011-12-01",6,911.26
14290.0,"2011-11-28",8,4516.56
14291.0,"2011-12-08",23,7904.10
14292.0,"2011-12-02",16,9226.25
14293.0,"2011-12-06",9,2903.01
14294.0,"2010-10-28",1,375.34
14295.0,"2011-10-30",5,2362.91
14296.0,"2010-10-14",2,456.40
14297.0,"2011-11-22",4,1305.33
14298.0,"2011-12-01",82,91194.49
14299.0,"2011-12-01",27,14070.25
14300.0,"2011-11-21",1,43.20
14301.0,"2011-08-14",4,1992.18
14302.0,"2010-10-05",3,742.90
14303.0,"2010-10-28",2,277.94
14304.0,"2011-05-01",3,1725.01
14305.0,"2011-09-29",3,1858.96
14306.0,"2011-10-19",6,3151.40
14307.0,"2011-09-12",10,4287.92
14308.0,"2010-06-08",2,1147.02
14309.0,"2011-12-01",11,3780.81
14310.0,"2010-10-03",1,492.10
14311.0,"2011-04-11",2,516.45
14312.0,"2011-10-24",11,3090.29
14314.0,"2011-08-25",2,229.80
14315.0,"2011-10-26",8,3197.82
14316.0,"2010-10-13",5,1370.34
14317.0,"2011-10-06",1,508.58
14318.0,"2010-09-05",1,158.02
14319.0,"2010-10-11",1,494.85
14320.0,"2011-05-17",5,1346.75
14321.0,"2011-11-29",7,2218.06
14322.0,"2010-10-06",4,474.10
14323.0,"2011-08-17",2,605.06
14324.0,"2010-10-26",2,701.61
14325.0,"2010-05-19",1,245.48
14326.0,"2011-04-11",3,940.98
14327.0,"2011-06-29",6,1894.93
14328.0,"2010-09-27",1,445.05
14329.0,"2011-11-22",15,9887.62
14330.0,"2010-03-26",1,200.63
14331.0,"2011-08-07",2,462.66
14332.0,"2011-11-17",5,1917.41
14333.0,"2011-10-03",1,415.20
14334.0,"2011-11-23",12,4318.48
14335.0,"2011-11-23",2,454.86
14336.0,"2011-11-23",4,1614.91
14338.0,"2011-07-01",3,928.10
14339.0,"2011-04-11",2,620.27
14340.0,"2011-05-05",1,134.70
14341.0,"2011-10-25",18,4452.02
14342.0,"2011-11-18",6,918.44
14343.0,"2010-10-14",4,1079.66
14344.0,"2011-08-04",20,2993.05
14345.0,"2011-11-01",1,108.98
14346.0,"2011-08-11",5,2315.75
14347.0,"2009-12-03",1,82.60
14348.0,"2011-03-24",1,409.57
14349.0,"2011-11-29",1,133.50
14350.0,"2011-03-10",3,972.03
14351.0,"2011-06-28",1,51.00
14352.0,"2011-07-05",4,1078.96
14353.0,"2011-05-08",3,376.50
14354.0,"2011-12-04",2,163.62
14355.0,"2010-12-09",3,840.05
14356.0,"2011-09-21",2,701.23
14357.0,"2011-10-27",1,225.12
14358.0,"2010-11-15",2,400.06
14359.0,"2011-11-20",3,912.18
14360.0,"2011-11-08",4,2118.03
14361.0,"2010-05-10",1,214.71
14362.0,"2011-11-17",1,151.50
14363.0,"2010-11-02",2,227.47
14364.0,"2011-08-23",8,3717.35
14365.0,"2010-11-10",2,634.68
14366.0,"2010-07-02",1,136.00
14367.0,"2011-12-01",16,9227.82
14368.0,"2011-01-24",1,155.00
14369.0,"2010-03-07",2,469.13
14370.0,"2010-09-15",6,1175.78
14371.0,"2011-02-17",1,100.50
14372.0,"2010-09-22",2,860.08
14373.0,"2010-12-16",1,76.55
14374.0,"2010-06-16",1,108.00
14375.0,"2011-06-07",3,1106.82
14376.0,"2010-01-25",1,215.46
14377.0,"2011-06-01",2,617.05
14378.0,"2010-03-28",1,131.25
14379.0,"2011-10-26",4,1265.16
14380.0,"2010-01-26",1,48.96
14381.0,"2011-10-18",2,625.94
14382.0,"2011-11-13",2,1193.63
14383.0,"2011-11-01",3,1247.69
14384.0,"2010-07-27",1,58.50
14385.0,"2011-11-30",3,202.11
14386.0,"2011-02-16",1,142.40
14387.0,"2011-11-07",3,1727.60
14388.0,"2011-11-29",16,6388.20
14389.0,"2011-10-05",5,1898.01
14390.0,"2011-11-29",13,6150.03
14391.0,"2010-05-12",1,135.60
14392.0,"2010-10-03",1,266.40
14393.0,"2011-05-05",1,67.95
14394.0,"2010-05-24",1,93.80
14395.0,"2011-12-07",20,7801.93
14396.0,"2011-10-05",7,1969.38
14397.0,"2011-12-07",19,2612.96
14398.0,"2010-11-03",2,707.79
14399.0,"2010-11-10",8,2108.21
14400.0,"2011-07-13",3,1732.47
14401.0,"2011-12-05",22,6795.90
14402.0,"2010-02-25",1,285.60
14403.0,"2011-08-01",6,1880.51
14404.0,"2011-11-06",13,2724.13
14405.0,"2010-11-18",1,195.00
14406.0,"2011-08-12",1,156.75
14407.0,"2011-08-24",6,2157.73
14408.0,"2011-11-29",11,4102.27
14409.0,"2011-09-29",9,3427.29
14410.0,"2011-09-08",11,2631.90
14411.0,"2011-02-02",1,1063.00
14412.0,"2011-10-28",3,1426.19
14413.0,"2010-12-12",4,764.52
14414.0,"2011-09-09",8,2399.33
14415.0,"2011-12-08",23,11980.09
14416.0,"2011-11-17",2,490.22
14417.0,"2010-11-17",1,524.65
14418.0,"2011-12-06",3,1937.25
14419.0,"2011-11-29",7,1254.64
14420.0,"2011-09-01",4,1639.17
14421.0,"2011-10-13",6,2469.37
14422.0,"2011-12-09",19,10271.52
14423.0,"2011-05-05",3,916.61
14424.0,"2011-11-22",1,322.08
14425.0,"2010-10-01",3,661.39
14426.0,"2011-11-16",17,11727.94
14427.0,"2011-10-20",4,1263.52
14428.0,"2011-12-02",5,1224.06
14429.0,"2010-11-01",1,516.28
14430.0,"2010-07-16",3,1220.90
14431.0,"2011-02-10",4,2614.20
14432.0,"2011-11-30",6,2248.50
14433.0,"2010-08-31",1,280.70
14434.0,"2011-11-18",6,1372.80
14435.0,"2010-07-26",1,90.42
14436.0,"2011-09-02",2,271.70
14437.0,"2010-12-09",5,873.34
14438.0,"2011-02-06",1,131.90
14439.0,"2011-01-24",5,9443.04
14440.0,"2011-12-01",13,5982.03
14441.0,"2011-12-09",11,4611.69
14442.0,"2011-05-19",7,5367.02
14443.0,"2011-10-17",5,2082.97
14444.0,"2010-09-09",1,120.44
14445.0,"2010-09-10",1,221.65
14446.0,"2011-12-09",5,1200.28
14447.0,"2011-11-21",6,1711.73
14448.0,"2011-11-30",2,375.35
14449.0,"2011-11-21",8,2230.96
14450.0,"2011-06-12",7,1128.44
14451.0,"2011-10-10",12,3258.68
14452.0,"2011-11-29",4,658.95
14453.0,"2011-06-02",1,119.93
14454.0,"2010-11-28",5,977.30
14455.0,"2010-10-03",4,617.72
14456.0,"2011-12-04",9,3017.28
14457.0,"2011-02-02",1,113.64
14458.0,"2010-11-24",1,228.07
14459.0,"2011-07-07",2,5375.74
14460.0,"2011-08-21",9,1093.50
14461.0,"2011-07-14",13,6676.91
14462.0,"2011-10-04",12,2242.81
14463.0,"2011-09-02",4,786.57
14464.0,"2010-05-20",2,111.00
14465.0,"2011-04-07",11,3925.85
14466.0,"2011-11-10",13,4267.15
14467.0,"2011-11-22",12,2203.24
14468.0,"2009-12-06",1,204.24
14469.0,"2010-10-19",4,2093.46
14470.0,"2011-11-28",3,712.04
14471.0,"2010-04-27",2,400.95
14472.0,"2011-08-28",9,2118.72
14473.0,"2011-09-26",2,234.34
14474.0,"2011-10-24",2,1258.89
14475.0,"2011-09-29",4,1151.15
14476.0,"2011-03-27",1,193.00
14477.0,"2011-11-20",7,1969.60
14478.0,"2010-11-22",4,1276.66
14479.0,"2011-03-31",4,1124.71
14480.0,"2011-11-28",4,1299.52
14481.0,"2011-06-28",5,2284.69
14482.0,"2011-11-21",12,4306.72
14483.0,"2011-03-03",2,257.10
14484.0,"2011-10-20",4,1070.98
14485.0,"2011-11-01",1,162.80
14486.0,"2010-07-16",2,175.50
14487.0,"2011-11-13",7,1266.27
14488.0,"2011-10-03",1,1064.28
14489.0,"2011-05-16",4,1574.93
14490.0,"2010-10-29",2,1273.47
14491.0,"2011-06-17",2,340.93
14492.0,"2010-10-05",7,1921.91
14493.0,"2011-12-02",10,5087.86
14494.0,"2011-11-14",3,401.46
14495.0,"2011-10-20",3,174.80
14496.0,"2011-02-01",7,2363.89
14497.0,"2011-02-03",2,697.06
14498.0,"2011-10-28",10,3900.83
14499.0,"2011-11-13",7,2101.79
14500.0,"2011-09-12",3,356.85
14501.0,"2011-06-09",2,251.21
14502.0,"2011-11-20",11,2429.83
14503.0,"2011-12-06",6,3543.26
14504.0,"2011-10-23",4,673.26
14505.0,"2011-11-22",19,11879.08
14506.0,"2011-11-22",7,2960.25
14507.0,"2011-11-16",11,3216.74
14508.0,"2011-11-17",5,822.92
14509.0,"2010-06-23",1,110.95
14510.0,"2010-11-29",3,979.85
14511.0,"2011-11-28",5,1314.81
14512.0,"2011-06-05",7,1215.97
14513.0,"2011-08-31",6,788.01
14514.0,"2011-10-09",9,4380.04
14515.0,"2011-11-22",12,3724.06
14516.0,"2010-07-11",1,151.17
14517.0,"2011-11-06",2,330.45
14518.0,"2011-10-06",1,174.37
14519.0,"2010-01-25",2,203.14
14520.0,"2011-12-08",2,270.60
14521.0,"2010-08-05",1,199.45
14522.0,"2011-11-15",8,1748.42
14523.0,"2011-08-23",1,241.09
14524.0,"2011-11-08",13,2909.86
14525.0,"2011-11-20",17,8026.54
14526.0,"2010-11-15",1,258.65
14527.0,"2011-12-07",122,27246.88
14528.0,"2011-11-02",1,364.22
14529.0,"2011-10-10",3,578.61
14530.0,"2011-11-14",16,6088.87
14531.0,"2010-08-17",1,376.34
14532.0,"2011-04-17",11,3845.78
14533.0,"2011-11-15",11,3466.37
14534.0,"2011-12-07",26,6187.66
14535.0,"2011-10-10",9,5973.23
14536.0,"2011-03-25",1,170.95
14537.0,"2011-10-13",2,641.40
14538.0,"2011-10-06",5,1370.84
14539.0,"2011-11-24",2,537.48
14540.0,"2011-11-30",11,3709.64
14541.0,"2011-10-12",14,2491.38
14542.0,"2011-06-07",1,103.25
14543.0,"2011-11-11",39,14587.87
14544.0,"2011-11-15",3,2938.53
14545.0,"2010-02-03",1,349.25
14546.0,"2011-12-04",11,5184.84
14547.0,"2011-12-06",8,3974.75
14548.0,"2011-07-12",9,2541.29
14549.0,"2011-02-01",4,913.60
14550.0,"2011-11-29",4,1345.06
14551.0,"2011-11-21",7,878.09
14552.0,"2011-07-11",3,507.93
14553.0,"2011-11-20",9,1818.60
14554.0,"2011-11-29",4,2279.49
14555.0,"2011-10-13",6,2304.03
14556.0,"2010-04-22",3,815.69
14557.0,"2011-09-15",1,788.38
14558.0,"2010-02-23",3,655.50
14559.0,"2010-11-14",1,75.60
14560.0,"2011-12-02",44,6114.03
14561.0,"2011-09-25",3,1080.76
14562.0,"2011-12-06",26,6638.15
14563.0,"2010-07-18",2,640.54
14564.0,"2010-10-01",2,2605.62
14565.0,"2011-09-05",5,3859.22
14566.0,"2011-08-21",4,4092.00
14567.0,"2011-10-14",2,1530.36
14568.0,"2010-09-30",1,919.70
14569.0,"2011-12-08",4,597.33
14570.0,"2011-03-04",3,613.75
14571.0,"2010-10-10",1,160.00
14572.0,"2011-12-06",11,5526.88
14573.0,"2011-06-13",13,2163.12
14574.0,"2009-12-07",1,143.70
14575.0,"2010-08-08",1,420.22
14576.0,"2010-12-02",1,35.40
14577.0,"2011-11-27",7,1364.15
14578.0,"2011-12-06",1,168.63
14579.0,"2010-10-03",1,105.56
14580.0,"2010-07-09",1,14.85
14581.0,"2011-11-23",2,409.65
14582.0,"2011-10-30",1,114.11
14583.0,"2011-12-04",8,1660.29
14584.0,"2011-06-23",8,1738.16
14585.0,"2011-10-20",5,1143.27
14586.0,"2011-03-08",1,237.36
14587.0,"2011-11-21",9,1580.29
14588.0,"2010-05-10",1,135.39
14589.0,"2010-12-03",1,39.75
14590.0,"2010-10-11",20,2993.37
14591.0,"2011-11-24",4,1320.21
14592.0,"2011-11-04",3,557.94
14593.0,"2011-11-18",12,3665.53
14594.0,"2011-12-02",2,363.33
14595.0,"2011-11-20",8,2164.45
14596.0,"2010-03-23",1,222.22
14597.0,"2011-11-28",6,2184.63
14598.0,"2011-10-26",2,384.04
14599.0,"2010-11-14",2,457.89
14600.0,"2011-02-07",2,865.17
14601.0,"2011-11-29",1,213.96
14602.0,"2010-02-21",1,205.36
14603.0,"2011-03-10",1,660.00
14604.0,"2010-03-16",1,143.86
14605.0,"2010-11-30",4,921.56
14606.0,"2011-12-08",192,29951.37
14607.0,"2011-11-24",22,23763.13
14608.0,"2011-12-05",11,3352.94
14609.0,"2011-09-28",10,1486.20
14610.0,"2010-11-09",2,24.35
14611.0,"2010-09-22",2,604.33
14612.0,"2010-10-20",1,877.70
14613.0,"2010-01-28",1,76.32
14614.0,"2010-11-18",1,295.13
14615.0,"2010-11-10",5,951.76
14616.0,"2011-04-11",5,527.78
14617.0,"2010-11-02",2,190.47
14618.0,"2011-11-30",7,1342.32
14619.0,"2011-04-08",2,1291.24
14620.0,"2011-05-18",2,412.78
14621.0,"2011-12-08",9,3000.57
14622.0,"2011-06-08",1,320.58
14623.0,"2011-11-07",10,2016.98
14624.0,"2011-10-13",6,814.07
14625.0,"2011-05-27",11,4497.88
14626.0,"2011-11-16",11,5410.92
14627.0,"2010-11-25",1,462.75
14628.0,"2011-09-09",5,1998.00
14629.0,"2011-12-05",2,955.26
14630.0,"2010-08-12",1,338.65
14631.0,"2011-10-20",6,2025.69
14632.0,"2011-03-22",1,114.56
14633.0,"2011-03-18",1,344.90
14634.0,"2010-09-28",4,2124.46
14635.0,"2010-09-12",1,215.22
14636.0,"2011-11-03",2,609.85
14637.0,"2010-01-31",1,106.68
14638.0,"2011-10-20",1,443.60
14639.0,"2011-10-18",9,4978.96
14640.0,"2011-11-15",10,3649.36
14641.0,"2011-11-18",1,110.46
14642.0,"2011-10-12",1,96.12
14643.0,"2011-06-22",5,1679.89
14644.0,"2011-10-03",7,2247.72
14645.0,"2011-07-06",3,876.89
14646.0,"2011-12-08",151,528602.52
14647.0,"2011-05-22",2,506.04
14648.0,"2010-10-19",15,4466.65
14649.0,"2011-12-05",9,3651.19
14650.0,"2010-04-29",1,62.50
14651.0,"2011-10-03",9,2025.52
14652.0,"2011-09-23",1,114.18
14653.0,"2011-12-08",12,3593.06
14654.0,"2009-12-01",1,246.86
14655.0,"2011-12-01",7,3878.51
14656.0,"2011-06-23",5,790.00
14657.0,"2011-11-22",6,1450.19
14658.0,"2011-12-04",2,247.15
14659.0,"2011-12-01",9,2529.93
14660.0,"2011-09-14",2,285.74
14661.0,"2011-11-13",1,107.95
14662.0,"2011-11-11",7,1376.43
14663.0,"2010-10-05",2,490.60
14664.0,"2011-11-20",2,636.24
14665.0,"2011-10-10",7,2749.65
14666.0,"2011-11-15",1,195.25
14667.0,"2011-11-29",54,20395.34
14668.0,"2010-09-20",1,111.63
14669.0,"2011-04-12",7,3216.78
14670.0,"2011-03-04",3,583.33
14671.0,"2010-06-08",2,1127.45
14672.0,"2011-04-19",4,1113.14
14673.0,"2011-12-06",7,3037.32
14674.0,"2010-07-18",1,173.66
14675.0,"2011-11-23",2,1015.58
14676.0,"2011-11-08",12,8356.79
14677.0,"2010-04-26",1,184.91
14678.0,"2010-05-09",1,403.39
14679.0,"2010-11-23",3,1289.44
14680.0,"2011-11-14",58,55688.50
14681.0,"2011-09-29",6,875.15
14682.0,"2011-06-05",6,1514.81
14683.0,"2010-04-30",1,146.56
14684.0,"2011-11-14",6,1430.03
14685.0,"2010-05-12",8,4536.64
14686.0,"2010-10-21",5,852.53
14687.0,"2011-08-25",3,1402.06
14688.0,"2011-12-02",28,7190.42
14689.0,"2011-05-15",1,112.80
14690.0,"2011-10-26",4,777.68
14691.0,"2011-11-09",5,2114.33
14692.0,"2011-07-25",12,1715.14
14693.0,"2011-03-20",7,1165.36
14694.0,"2010-04-01",1,244.31
14695.0,"2010-07-08",3,1534.22
14696.0,"2011-12-05",8,2473.28
14697.0,"2011-05-05",2,188.61
14698.0,"2011-12-08",5,1217.27
14699.0,"2011-05-09",4,702.60
14700.0,"2011-11-07",5,3076.06
14701.0,"2011-11-29",15,4487.11
14702.0,"2011-12-08",29,6368.78
14703.0,"2011-11-25",1,318.17
14704.0,"2011-11-28",11,1752.92
14705.0,"2011-05-25",1,179.00
14706.0,"2010-03-31",1,367.54
14707.0,"2010-09-30",2,139.20
14708.0,"2011-12-07",5,1793.22
14709.0,"2011-11-24",25,8886.33
14710.0,"2011-11-25",13,1899.79
14711.0,"2011-11-29",11,2839.62
14712.0,"2011-11-10",4,1328.07
14713.0,"2011-11-30",21,5115.76
14714.0,"2011-11-15",4,906.24
14715.0,"2011-11-15",8,1825.45
14716.0,"2011-10-27",3,543.28
14717.0,"2009-12-06",1,81.30
14718.0,"2010-10-25",1,226.42
14719.0,"2011-12-08",5,1581.84
14720.0,"2011-12-04",3,663.81
14721.0,"2010-11-25",1,109.07
14722.0,"2011-07-15",3,489.52
14723.0,"2011-11-29",11,1803.06
14724.0,"2010-04-28",1,341.90
14725.0,"2011-11-15",4,1252.74
14726.0,"2010-02-23",1,116.50
14727.0,"2011-03-10",3,463.73
14728.0,"2010-10-22",1,190.58
14729.0,"2010-12-01",3,586.24
14730.0,"2011-12-08",8,1897.57
14731.0,"2011-10-23",3,380.02
14732.0,"2011-12-01",19,5517.07
14733.0,"2011-11-23",15,14335.15
14734.0,"2010-10-10",4,1056.42
14735.0,"2011-12-06",56,12240.16
14736.0,"2010-08-11",2,374.05
14737.0,"2011-12-06",4,3554.17
14738.0,"2011-10-28",9,1821.90
14739.0,"2011-12-05",25,11573.62
14740.0,"2011-05-26",11,4161.06
14741.0,"2011-11-28",7,1713.09
14742.0,"2010-09-30",1,579.85
14743.0,"2010-04-26",1,50.48
14744.0,"2011-11-23",14,3660.08
14745.0,"2011-08-19",12,2551.41
14746.0,"2010-10-29",4,593.50
14747.0,"2011-04-04",1,328.20
14748.0,"2011-11-10",10,2681.90
14749.0,"2010-08-17",1,310.15
14750.0,"2009-12-03",1,112.03
14751.0,"2010-01-24",2,126.45
14752.0,"2011-10-27",1,389.64
14753.0,"2011-09-13",2,869.51
14754.0,"2011-10-26",6,1547.93
14755.0,"2011-11-30",25,9972.55
14756.0,"2011-11-24",3,2653.76
14757.0,"2011-09-25",1,420.50
14758.0,"2011-07-18",7,2864.97
14759.0,"2011-12-05",3,1625.97
14760.0,"2011-02-15",1,89.20
14761.0,"2011-10-12",3,447.92
14762.0,"2011-03-21",2,417.57
14764.0,"2011-10-24",1,278.30
14765.0,"2011-11-10",3,254.11
14766.0,"2011-12-01",11,6375.73
14767.0,"2010-08-22",1,382.81
14768.0,"2011-11-22",2,192.60
14769.0,"2011-12-07",17,15514.11
14770.0,"2011-04-21",8,3637.64
14771.0,"2010-03-28",2,594.62
14772.0,"2011-08-19",1,139.26
14773.0,"2010-04-26",1,140.55
14774.0,"2010-06-29",1,241.45
14775.0,"2011-10-12",3,1011.90
14776.0,"2011-10-19",15,3708.30
14777.0,"2010-11-01",1,307.56
14778.0,"2011-08-04",2,730.86
14779.0,"2011-03-04",3,386.15
14780.0,"2011-10-16",2,447.68
14782.0,"2011-01-24",1,200.10
14783.0,"2010-02-18",1,307.30
14784.0,"2011-11-13",3,449.93
14785.0,"2011-11-29",2,77.40
14786.0,"2010-06-07",1,90.96
14787.0,"2010-08-25",1,110.65
14788.0,"2011-12-02",3,1156.32
14789.0,"2011-11-11",1,197.64
14790.0,"2011-11-23",10,2526.62
14791.0,"2010-04-12",1,303.63
14792.0,"2011-10-07",1,6.20
14793.0,"2011-11-18",2,625.90
14794.0,"2011-12-07",10,1953.90
14795.0,"2011-06-26",1,131.45
14796.0,"2011-12-08",27,10169.33
14797.0,"2010-07-20",1,300.31
14798.0,"2011-10-18",8,724.31
14799.0,"2011-10-19",2,338.15
14800.0,"2011-10-23",17,7191.33
14801.0,"2011-10-09",1,189.34
14802.0,"2010-09-27",2,1502.98
14803.0,"2011-06-30",3,845.55
14804.0,"2011-12-01",1,353.27
14805.0,"2011-11-24",7,1082.55
14806.0,"2011-09-25",2,303.43
14807.0,"2010-11-14",2,504.14
14808.0,"2011-10-31",8,2718.60
14809.0,"2010-03-28",2,686.76
14810.0,"2011-10-30",13,2354.03
14811.0,"2010-11-17",1,170.50
14812.0,"2010-04-20",1,178.85
14813.0,"2010-12-05",4,888.91
14814.0,"2010-05-07",1,154.21
14815.0,"2011-11-03",2,778.50
14816.0,"2011-05-26",1,271.85
14817.0,"2011-05-23",7,3959.86
14818.0,"2011-09-27",6,1153.56
14819.0,"2011-10-06",4,456.41
14820.0,"2011-11-18",9,1274.76
14821.0,"2010-12-08",7,1230.15
14822.0,"2010-08-11",1,157.70
14823.0,"2011-06-12",3,321.43
14824.0,"2011-11-29",10,4022.91
14825.0,"2011-12-06",24,4735.08
14826.0,"2010-05-07",2,385.20
14828.0,"2011-05-27",13,9839.46
14829.0,"2011-11-10",7,1455.87
14830.0,"2011-10-17",1,188.88
14831.0,"2010-01-28",3,1676.57
14832.0,"2010-03-19",1,322.69
14833.0,"2010-07-29",1,94.80
14834.0,"2011-11-22",7,2206.16
14835.0,"2010-06-29",2,297.00
14836.0,"2011-11-29",3,102.45
14837.0,"2011-09-11",9,3460.32
14838.0,"2010-10-12",2,769.92
14839.0,"2010-10-17",3,915.28
14840.0,"2011-03-17",2,362.71
14841.0,"2011-10-17",14,7163.00
14842.0,"2011-10-27",4,2824.69
14843.0,"2010-09-29",1,211.80
14844.0,"2011-10-07",10,6702.43
14845.0,"2010-04-19",1,150.00
14846.0,"2010-10-08",1,437.40
14847.0,"2011-07-14",3,1348.95
14848.0,"2010-10-31",1,310.56
14849.0,"2011-11-18",43,15407.61
14850.0,"2011-02-01",7,1770.96
14851.0,"2011-11-16",3,829.41
14852.0,"2011-10-12",18,6132.43
14853.0,"2011-11-15",5,1376.87
14854.0,"2011-09-22",11,4303.06
14855.0,"2011-08-12",7,6520.30
14856.0,"2011-11-03",3,1290.53
14857.0,"2011-10-11",7,3651.85
14858.0,"2010-07-22",1,180.75
14859.0,"2011-11-27",5,1705.64
14860.0,"2011-11-20",1,170.32
14861.0,"2011-10-18",10,1380.73
14862.0,"2011-11-14",2,841.20
14863.0,"2011-11-10",1,266.76
14865.0,"2011-12-02",4,92.52
14866.0,"2011-11-29",19,20746.54
14867.0,"2011-06-07",16,2952.06
14868.0,"2011-12-06",12,4184.01
14869.0,"2011-12-01",6,2778.14
14870.0,"2011-03-23",6,1838.95
14871.0,"2011-12-06",9,1228.17
14872.0,"2010-08-13",3,816.60
14873.0,"2011-05-13",2,854.13
14874.0,"2010-06-22",1,116.18
14875.0,"2011-08-24",3,2862.40
14876.0,"2010-07-06",2,256.70
14877.0,"2010-10-17",2,425.85
14878.0,"2011-11-27",25,4076.50
14879.0,"2010-01-24",1,185.06
14880.0,"2011-09-23",3,690.59
14881.0,"2011-11-20",1,255.40
14882.0,"2011-11-13",14,3546.65
14883.0,"2011-11-21",6,761.59
14884.0,"2010-02-08",1,120.60
14885.0,"2011-07-31",3,1598.12
14886.0,"2011-04-01",1,364.80
14887.0,"2011-09-21",1,1862.00
14888.0,"2011-05-16",1,369.20
14889.0,"2011-01-07",1,135.90
14890.0,"2011-03-31",3,817.25
14891.0,"2011-07-14",4,1106.73
14892.0,"2010-01-18",1,202.35
14893.0,"2011-11-30",3,1809.61
14894.0,"2011-09-15",3,1492.81
14895.0,"2011-12-02",38,25119.54
14896.0,"2011-05-19",8,1826.00
14897.0,"2011-12-02",8,3140.54
14898.0,"2011-11-16",14,3365.95
14899.0,"2010-11-09",1,1331.38
14900.0,"2010-07-05",1,13.92
14901.0,"2011-11-28",12,1919.00
14902.0,"2011-11-14",3,1035.62
14903.0,"2011-11-18",5,2795.33
14904.0,"2011-12-07",4,1630.49
14905.0,"2011-07-05",8,1971.39
14906.0,"2010-09-20",1,68.44
14907.0,"2011-12-06",16,5547.72
14908.0,"2011-09-26",2,381.90
14909.0,"2010-09-28",3,1404.68
14910.0,"2011-12-07",4,434.35
14911.0,"2011-12-08",398,291420.81
14912.0,"2011-11-23",6,1889.25
14913.0,"2011-11-04",8,4073.13
14915.0,"2011-09-09",11,1811.25
14916.0,"2011-09-30",8,3042.95
14917.0,"2010-04-22",2,1123.75
14918.0,"2011-08-16",9,5955.81
14919.0,"2010-06-18",1,359.35
14920.0,"2011-05-11",3,1607.17
14921.0,"2011-11-09",2,1316.07
14922.0,"2010-11-11",2,843.74
14923.0,"2011-10-20",1,749.10
14924.0,"2011-04-08",3,931.01
14926.0,"2010-11-23",2,359.40
14927.0,"2010-11-08",1,308.20
14928.0,"2010-03-22",1,223.91
14929.0,"2011-11-07",2,836.69
14930.0,"2011-08-23",6,5236.73
14931.0,"2011-12-05",5,1257.68
14932.0,"2010-12-09",2,666.13
14933.0,"2010-09-22",4,1770.00
14934.0,"2011-09-19",5,3503.50
14935.0,"2011-02-15",2,2849.83
14936.0,"2011-11-06",12,12410.81
14937.0,"2011-10-14",3,1621.88
14938.0,"2010-05-26",2,2322.43
14940.0,"2010-10-18",2,531.49
14941.0,"2010-05-10",1,182.10
14942.0,"2010-11-03",4,746.56
14943.0,"2010-02-14",1,107.62
14944.0,"2011-11-10",19,9784.67
14945.0,"2010-10-22",1,179.40
14946.0,"2011-11-25",1,100.90
14947.0,"2011-09-28",6,1049.79
14948.0,"2011-11-16",6,1101.97
14949.0,"2010-08-27",4,515.00
14950.0,"2011-11-20",1,371.20
14951.0,"2011-09-21",1,311.69
14952.0,"2011-10-11",32,17629.35
14953.0,"2011-11-14",4,971.32
14954.0,"2011-11-27",2,462.12
14955.0,"2009-12-07",1,163.77
14956.0,"2010-10-14",1,1325.00
14957.0,"2011-03-31",2,261.69
14958.0,"2011-07-15",6,941.99
14959.0,"2011-10-06",4,695.42
14960.0,"2011-12-01",2,221.27
14961.0,"2011-11-29",22,16410.15
14962.0,"2011-03-14",4,366.91
14963.0,"2011-11-30",12,3123.57
14964.0,"2011-04-06",1,206.21
14965.0,"2011-09-04",2,596.09
14966.0,"2011-11-25",6,1064.26
14967.0,"2011-10-21",6,1982.61
14968.0,"2011-11-09",2,501.24
14969.0,"2010-01-05",1,906.23
14970.0,"2011-10-02",12,4919.35
14971.0,"2011-11-04",3,1097.98
14972.0,"2011-08-03",2,145.07
14973.0,"2011-08-24",3,1314.45
14974.0,"2011-11-02",1,89.94
14975.0,"2011-10-13",2,472.39
14976.0,"2011-10-13",7,790.86
14977.0,"2009-12-14",1,31.93
14978.0,"2011-09-28",10,3112.19
14979.0,"2009-12-04",1,429.66
14980.0,"2009-12-02",1,150.68
14981.0,"2011-04-07",2,372.92
14982.0,"2010-05-16",1,237.78
14983.0,"2010-01-19",1,183.20
14984.0,"2011-11-20",6,1260.51
14985.0,"2011-05-25",2,292.01
14986.0,"2010-11-28",2,563.10
14987.0,"2011-11-24",8,1550.65
14988.0,"2011-05-12",7,2038.65
14989.0,"2010-02-16",1,342.40
14990.0,"2010-04-06",2,304.17
14991.0,"2010-10-05",1,314.67
14992.0,"2010-09-23",1,210.50
14993.0,"2010-05-25",1,36.13
14994.0,"2010-11-22",5,946.72
14995.0,"2011-11-01",2,231.98
14996.0,"2010-08-15",2,442.29
14997.0,"2011-10-24",4,776.60
14998.0,"2011-06-22",4,753.18
14999.0,"2010-04-26",1,129.48
15000.0,"2011-10-23",1,490.52
15001.0,"2010-11-10",2,199.11
15002.0,"2011-08-16",9,4138.08
15003.0,"2010-08-23",6,1027.03
15004.0,"2011-07-15",1,1220.77
15005.0,"2011-11-24",56,13754.58
15006.0,"2011-10-19",2,757.78
15007.0,"2011-07-03",1,156.91
15008.0,"2010-08-16",2,360.00
15009.0,"2011-11-27",3,1259.43
15010.0,"2011-11-04",1,308.94
15011.0,"2010-11-09",2,416.60
15012.0,"2011-10-17",3,646.26
15013.0,"2010-08-09",10,1610.82
15014.0,"2011-10-27",2,257.67
15015.0,"2010-07-26",13,2354.97
15016.0,"2011-06-20",5,620.89
15017.0,"2011-11-06",1,125.58
15018.0,"2011-11-01",3,496.21
15019.0,"2011-03-18",1,252.81
15020.0,"2010-11-25",1,198.47
15021.0,"2011-12-01",12,2500.59
15022.0,"2011-11-28",5,1133.44
15023.0,"2011-12-06",20,11578.65
15024.0,"2011-11-30",16,3559.39
15025.0,"2011-11-06",2,979.79
15026.0,"2011-09-20",5,1048.89
15027.0,"2011-11-09",10,3195.60
15028.0,"2011-12-01",6,962.94
15029.0,"2010-03-30",1,365.10
15030.0,"2011-09-29",8,1979.91
15031.0,"2011-12-05",14,3102.94
15032.0,"2011-03-28",8,11010.05
15033.0,"2011-12-05",10,2557.18
15034.0,"2011-11-24",14,8231.20
15035.0,"2011-09-11",1,252.73
15036.0,"2011-09-28",3,429.56
15037.0,"2010-11-28",2,397.76
15038.0,"2011-10-12",9,1146.53
15039.0,"2011-11-30",93,39141.48
15040.0,"2010-06-16",1,7.49
15041.0,"2011-06-22",2,289.40
15042.0,"2011-05-24",2,315.45
15043.0,"2011-11-08",6,2870.32
15044.0,"2011-11-20",35,16024.15
15045.0,"2011-07-11",2,735.66
15046.0,"2011-11-30",25,7623.79
15047.0,"2011-03-15",1,343.62
15048.0,"2011-10-05",4,381.00
15049.0,"2011-03-11",1,121.17
15050.0,"2011-11-14",5,4087.19
15051.0,"2011-11-16",9,3926.91
15052.0,"2011-01-24",1,207.73
15053.0,"2011-12-05",3,693.95
15054.0,"2011-11-27",2,302.10
15055.0,"2010-08-22",3,549.12
15056.0,"2010-07-07",1,113.65
15057.0,"2011-03-09",5,3255.96
15058.0,"2011-11-14",16,3387.58
15059.0,"2011-10-30",19,3491.20
15060.0,"2011-12-01",4,294.25
15061.0,"2011-12-06",127,126389.02
15062.0,"2011-09-29",8,2585.62
15063.0,"2011-05-10",1,370.80
15064.0,"2010-10-25",4,1254.41
15065.0,"2011-11-02",5,3326.86
15066.0,"2011-10-17",1,893.59
15067.0,"2011-09-22",5,3862.88
15068.0,"2011-10-24",4,1174.90
15069.0,"2011-06-13",1,1109.53
15070.0,"2010-12-02",3,737.05
15071.0,"2011-09-07",4,1455.56
15072.0,"2010-08-17",1,187.52
15073.0,"2011-11-30",8,2788.02
15074.0,"2011-08-26",3,1553.13
15075.0,"2011-09-23",1,773.03
15076.0,"2011-06-20",3,1447.74
15077.0,"2010-08-02",2,2428.08
15078.0,"2011-12-02",53,17286.73
15079.0,"2011-05-11",11,3625.40
15080.0,"2010-10-08",2,546.25
15081.0,"2011-11-17",12,1854.57
15082.0,"2010-02-09",1,93.35
15083.0,"2011-03-28",1,88.20
15084.0,"2010-11-25",2,965.20
15085.0,"2009-12-10",1,347.54
15086.0,"2010-05-24",2,218.53
15087.0,"2011-03-03",1,306.94
15088.0,"2011-11-18",2,1160.07
15089.0,"2011-11-29",6,2420.84
15090.0,"2011-02-04",1,381.32
15091.0,"2011-10-03",3,1046.61
15092.0,"2011-05-08",3,776.46
15093.0,"2011-11-21",23,13702.38
15094.0,"2010-09-02",2,83.00
15095.0,"2011-08-28",10,3141.64
15096.0,"2011-10-28",1,219.39
15097.0,"2011-12-05",3,908.35
15098.0,"2011-06-10",3,39916.50
15099.0,"2011-09-16",1,410.48
15100.0,"2011-01-10",7,2193.90
15101.0,"2011-12-01",6,1477.94
15102.0,"2010-06-27",2,554.67
15103.0,"2011-11-08",2,703.36
15104.0,"2011-05-27",2,993.54
15105.0,"2011-11-21",9,3094.91
15106.0,"2011-11-22",5,1422.52
15107.0,"2011-02-01",9,824.35
15108.0,"2011-07-21",4,1300.25
15109.0,"2011-04-08",3,983.10
15110.0,"2011-11-16",6,1505.85
15111.0,"2011-11-10",5,2442.37
15112.0,"2010-04-07",1,209.40
15113.0,"2011-11-30",3,3509.43
15114.0,"2011-11-09",12,3400.12
15115.0,"2011-11-21",2,531.85
15116.0,"2011-11-22",4,1352.75
15117.0,"2011-11-25",8,2485.97
15118.0,"2011-07-28",1,244.80
15119.0,"2011-04-08",1,266.40
15120.0,"2011-07-29",1,358.82
15121.0,"2011-10-20",2,457.72
15122.0,"2011-08-17",11,4487.27
15123.0,"2011-12-02",5,4656.17
15124.0,"2011-11-17",4,450.82
15125.0,"2011-11-14",24,17024.87
15126.0,"2010-06-21",2,449.49
15127.0,"2011-10-05",2,711.50
15128.0,"2011-10-10",5,1783.68
15129.0,"2011-10-20",23,6860.18
15130.0,"2011-06-23",1,330.11
15131.0,"2010-11-10",1,80.28
15132.0,"2011-11-21",5,977.93
15133.0,"2011-08-04",5,1806.90
15134.0,"2011-11-25",10,1596.29
15135.0,"2011-04-14",2,305.68
15136.0,"2011-12-07",4,1286.70
15137.0,"2010-07-07",2,823.40
15138.0,"2010-11-11",1,502.52
15139.0,"2011-04-14",2,178.96
15140.0,"2011-10-18",8,3243.69
15141.0,"2010-09-08",7,1388.47
15142.0,"2011-10-24",6,2619.92
15143.0,"2011-04-28",2,563.63
15144.0,"2011-12-01",29,12160.31
15145.0,"2011-12-05",4,1194.73
15146.0,"2011-06-28",2,1327.16
15147.0,"2011-04-13",1,623.50
15148.0,"2011-11-29",1,301.29
15149.0,"2011-07-29",5,1554.61
15150.0,"2011-11-22",13,8977.94
15151.0,"2010-10-12",2,2085.61
15152.0,"2011-11-30",14,5263.83
15153.0,"2011-11-08",1,329.25
15154.0,"2011-09-25",3,1343.72
15155.0,"2010-11-21",1,383.97
15156.0,"2011-12-08",3,961.49
15157.0,"2011-12-06",5,2654.11
15158.0,"2011-10-25",2,606.02
15159.0,"2011-12-08",34,22116.73
15160.0,"2010-12-17",4,589.27
15161.0,"2010-11-16",1,119.92
15162.0,"2009-12-08",1,312.90
15163.0,"2011-11-21",2,304.47
15164.0,"2011-10-02",9,2028.11
15165.0,"2010-12-01",1,487.75
15166.0,"2010-08-29",1,167.16
15167.0,"2011-01-23",5,1627.62
15168.0,"2011-11-14",1,106.56
15169.0,"2010-11-22",2,569.22
15170.0,"2010-10-29",1,81.15
15171.0,"2011-01-12",1,1289.50
15172.0,"2011-12-01",5,1624.05
15173.0,"2010-11-24",7,1494.60
15174.0,"2011-01-21",2,481.46
15175.0,"2011-09-29",1,224.14
15176.0,"2010-02-10",1,988.04
15177.0,"2010-10-10",1,948.93
15178.0,"2011-03-24",1,40.50
15179.0,"2011-11-21",13,7491.92
15180.0,"2010-12-07",3,816.93
15181.0,"2011-10-04",5,1200.20
15182.0,"2011-07-08",11,2998.95
15183.0,"2010-06-10",3,639.93
15184.0,"2011-11-10",4,685.39
15185.0,"2011-09-30",1,310.62
15186.0,"2011-11-25",5,1403.20
15187.0,"2011-12-08",16,4777.18
15188.0,"2009-12-14",1,310.43
15189.0,"2011-12-08",46,17524.38
15190.0,"2010-10-01",1,834.44
15191.0,"2010-09-02",3,588.05
15192.0,"2011-08-12",5,1666.39
15193.0,"2011-10-10",1,499.32
15194.0,"2011-12-06",28,12021.53
15195.0,"2011-12-07",1,3861.00
15196.0,"2010-10-03",2,313.70
15197.0,"2011-11-29",6,1877.51
15198.0,"2011-09-08",5,571.35
15199.0,"2011-10-11",10,3122.40
15200.0,"2010-08-02",1,549.05
15201.0,"2011-09-13",7,1842.95
15202.0,"2010-10-15",3,6001.49
15203.0,"2011-11-14",15,4400.18
15204.0,"2010-12-17",1,316.58
15205.0,"2011-09-15",2,653.24
15206.0,"2011-11-29",4,420.30
15207.0,"2010-10-19",3,683.92
15208.0,"2011-12-08",6,970.52
15209.0,"2009-12-09",1,178.98
15210.0,"2011-04-28",3,1176.19
15211.0,"2011-10-10",2,894.41
15212.0,"2011-04-12",2,208.28
15213.0,"2011-01-25",2,328.35
15214.0,"2011-12-08",8,1661.44
15215.0,"2011-10-24",7,2422.43
15216.0,"2011-09-13",2,486.09
15217.0,"2010-05-25",1,426.24
15218.0,"2011-11-29",22,11468.83
15219.0,"2011-06-16",2,685.45
15220.0,"2011-10-19",6,1778.96
15221.0,"2010-12-08",4,2062.20
15222.0,"2011-01-25",11,3550.91
15223.0,"2011-04-28",5,1417.95
15224.0,"2010-12-16",5,871.36
15225.0,"2011-04-19",1,409.40
15226.0,"2011-02-02",1,154.41
15227.0,"2011-11-03",9,2488.49
15228.0,"2011-10-04",6,5580.27
15229.0,"2010-05-02",1,160.50
15230.0,"2011-04-14",2,429.60
15231.0,"2010-03-28",1,250.26
15232.0,"2011-08-18",2,612.06
15233.0,"2010-11-03",1,59.40
15234.0,"2011-03-08",1,197.00
15235.0,"2011-05-06",16,2772.76
15236.0,"2011-02-14",1,321.05
15237.0,"2011-12-08",4,1412.32
15238.0,"2011-11-10",3,1071.99
15239.0,"2011-11-29",2,780.59
15240.0,"2011-10-26",12,4459.98
15241.0,"2011-10-04",11,3050.16
15242.0,"2010-10-13",1,302.04
15243.0,"2011-09-26",2,927.28
15244.0,"2011-10-05",3,912.08
15245.0,"2011-07-28",8,4610.84
15246.0,"2011-04-15",3,780.40
15247.0,"2011-08-09",3,976.06
15248.0,"2010-10-24",3,1893.93
15249.0,"2011-11-08",18,9266.00
15250.0,"2010-03-09",1,60.00
15251.0,"2011-11-30",21,20324.54
15252.0,"2011-11-03",5,2103.41
15253.0,"2011-11-23",8,2055.09
15254.0,"2011-08-04",3,1088.35
15255.0,"2011-10-04",9,3706.02
15256.0,"2011-07-14",2,170.40
15257.0,"2011-03-01",2,685.90
15258.0,"2011-06-24",2,623.16
15259.0,"2010-07-15",4,1182.38
15260.0,"2011-08-31",25,8767.73
15261.0,"2011-07-27",4,1508.00
15262.0,"2011-01-20",3,418.82
15263.0,"2011-08-25",1,156.51
15264.0,"2011-10-06",2,848.40
15265.0,"2011-07-11",4,3345.64
15266.0,"2011-01-05",5,852.21
15267.0,"2011-11-17",5,1717.36
15268.0,"2010-08-18",3,961.90
15269.0,"2011-11-16",3,1225.36
15270.0,"2011-11-24",21,8524.86
15271.0,"2011-12-02",24,4528.54
15272.0,"2011-10-13",6,2030.95
15273.0,"2010-04-19",1,228.96
15274.0,"2011-12-05",2,716.57
15275.0,"2011-11-02",1,615.14
15276.0,"2011-10-04",4,619.80
15277.0,"2011-10-24",2,476.34
15278.0,"2010-05-27",4,496.16
15279.0,"2010-12-20",5,1580.54
15280.0,"2011-06-20",3,397.52
15281.0,"2011-10-12",16,8543.57
15282.0,"2010-05-18",1,348.59
15283.0,"2010-11-14",3,148.33
15284.0,"2010-07-27",1,24.75
15285.0,"2010-10-28",1,94.92
15286.0,"2011-10-21",1,240.55
15287.0,"2011-11-17",5,856.03
15288.0,"2011-10-27",10,3715.38
15289.0,"2011-11-10",5,1593.09
15290.0,"2011-12-05",26,10496.28
15291.0,"2011-11-14",40,13517.76
15292.0,"2011-05-22",1,178.39
15293.0,"2010-02-12",1,247.50
15294.0,"2010-10-25",1,233.35
15295.0,"2010-02-23",1,207.04
15296.0,"2011-10-20",12,10323.03
15297.0,"2011-11-29",3,641.94
15298.0,"2011-12-07",23,9061.77
15299.0,"2011-10-03",10,6156.53
15300.0,"2011-10-06",1,496.44
15301.0,"2011-10-20",17,6909.67
15302.0,"2009-12-09",1,308.00
15303.0,"2011-02-22",3,1224.18
15304.0,"2011-10-10",9,796.40
15305.0,"2010-06-02",1,93.60
15306.0,"2011-10-06",9,3484.73
15307.0,"2011-09-05",1,205.30
15308.0,"2011-03-10",1,310.47
15309.0,"2010-04-08",4,797.96
15310.0,"2010-08-18",1,1634.64
15311.0,"2011-12-09",208,114966.42
15312.0,"2011-09-25",12,2930.19
15313.0,"2011-08-21",1,52.00
15314.0,"2011-05-24",3,820.45
15315.0,"2011-10-06",2,570.50
15316.0,"2011-01-17",1,165.00
15317.0,"2010-01-31",1,129.75
15318.0,"2011-12-06",1,312.62
15319.0,"2011-03-01",1,204.50
15320.0,"2011-10-26",1,267.13
15321.0,"2011-09-30",12,6709.73
15322.0,"2011-09-15",2,1390.86
15323.0,"2010-05-26",3,434.60
15324.0,"2010-01-07",1,140.22
15325.0,"2011-08-28",8,1601.46
15326.0,"2011-01-10",5,1700.52
15327.0,"2011-10-18",1,208.75
15328.0,"2010-10-28",1,107.24
15329.0,"2011-10-31",11,2958.83
15330.0,"2011-11-07",2,714.96
15331.0,"2010-07-28",3,767.91
15332.0,"2010-12-08",6,4892.68
15333.0,"2011-05-15",1,1028.56
15334.0,"2011-07-06",3,350.82
15335.0,"2011-10-17",1,170.22
15336.0,"2010-11-03",1,240.50
15337.0,"2010-10-24",1,373.02
15338.0,"2010-01-31",1,277.93
15339.0,"2011-10-04",7,1821.02
15340.0,"2010-05-27",1,105.50
15341.0,"2011-09-20",2,2402.72
15342.0,"2011-08-02",1,406.09
15343.0,"2011-09-13",1,364.50
15344.0,"2011-12-09",3,563.94
15345.0,"2011-10-25",1,393.54
15346.0,"2011-01-11",3,596.12
15347.0,"2010-12-08",4,1162.00
15348.0,"2011-09-28",1,158.04
15349.0,"2011-07-04",2,463.91
15350.0,"2010-12-01",2,547.60
15351.0,"2011-11-27",10,3430.22
15352.0,"2010-06-09",1,111.15
15353.0,"2011-03-30",7,2794.47
15354.0,"2010-04-15",3,284.40
15355.0,"2011-11-10",2,277.05
15356.0,"2011-11-08",13,3239.57
15358.0,"2011-12-05",42,16425.86
15359.0,"2010-02-15",8,181.35
15360.0,"2011-10-31",1,427.93
15361.0,"2010-12-13",4,689.07
15362.0,"2010-09-17",2,613.08
15363.0,"2010-12-02",2,678.11
15364.0,"2011-09-05",2,913.19
15365.0,"2011-11-14",13,4557.13
15366.0,"2011-09-25",7,2389.08
15367.0,"2011-10-13",11,5081.33
15368.0,"2011-11-18",2,722.74
15369.0,"2010-08-04",11,6251.26
15370.0,"2011-10-30",8,3739.01
15371.0,"2010-02-15",1,59.40
15372.0,"2011-07-25",8,6017.06
15373.0,"2011-12-01",17,3084.54
15374.0,"2011-08-03",2,307.32
15375.0,"2010-01-18",1,60.96
15376.0,"2011-10-30",3,1221.56
15377.0,"2010-11-22",4,1211.75
15378.0,"2010-09-03",2,246.50
15379.0,"2011-06-23",8,4877.84
15380.0,"2011-12-01",11,3248.96
15381.0,"2011-05-10",5,1890.57
15382.0,"2011-11-25",12,13733.55
15384.0,"2011-06-23",4,2027.79
15385.0,"2011-10-30",3,942.08
15386.0,"2011-06-06",1,394.14
15387.0,"2010-08-04",1,468.65
15388.0,"2011-03-14",1,140.54
15389.0,"2011-06-20",5,2733.80
15390.0,"2010-11-08",2,1216.66
15391.0,"2010-05-04",1,289.87
15392.0,"2011-12-05",7,2911.62
15393.0,"2011-11-23",5,891.34
15394.0,"2011-11-30",11,5286.80
15395.0,"2011-01-18",1,107.45
15396.0,"2011-08-19",2,796.38
15397.0,"2011-02-23",1,94.00
15398.0,"2011-11-23",2,1345.53
15399.0,"2011-12-08",3,815.77
15400.0,"2011-09-08",8,1302.30
15401.0,"2010-09-13",2,216.95
15402.0,"2011-07-14",6,1830.54
15403.0,"2010-08-05",2,170.88
15404.0,"2010-11-29",1,257.06
15405.0,"2011-06-03",2,659.84
15406.0,"2011-11-08",4,975.87
15407.0,"2011-11-06",4,1046.74
15408.0,"2011-03-20",1,267.18
15409.0,"2009-12-18",1,131.25
15410.0,"2011-09-16",10,4685.72
15411.0,"2011-11-13",4,1348.93
15412.0,"2011-06-21",1,190.53
15413.0,"2010-01-17",5,6798.72
15414.0,"2011-11-30",3,774.90
15415.0,"2011-01-30",1,559.61
15416.0,"2011-10-06",7,4572.82
15417.0,"2011-09-15",1,508.80
15418.0,"2010-10-10",2,449.42
15419.0,"2011-11-15",1,135.86
15420.0,"2010-10-01",6,743.00
15421.0,"2011-10-12",10,3805.34
15422.0,"2011-01-20",7,1619.97
15423.0,"2011-11-01",3,266.89
15424.0,"2011-03-30",3,597.78
15425.0,"2010-11-04",4,1941.12
15426.0,"2011-11-20",9,2156.35
15427.0,"2011-11-06",3,1430.54
15428.0,"2011-11-24",4,762.75
15429.0,"2011-11-13",2,397.35
15430.0,"2010-08-29",2,954.75
15431.0,"2010-07-25",1,153.24
15432.0,"2011-11-16",2,320.76
15433.0,"2011-05-10",2,533.30
15434.0,"2011-12-01",11,2567.06
15435.0,"2011-11-17",1,149.29
15436.0,"2011-11-27",3,1067.75
15437.0,"2011-03-22",2,393.45
15438.0,"2011-07-31",1,156.58
15439.0,"2010-10-31",4,1269.05
15440.0,"2011-10-16",3,383.68
15441.0,"2010-11-08",3,1254.21
15442.0,"2011-04-05",1,594.00
15443.0,"2011-12-08",14,5114.23
15444.0,"2011-11-30",2,1411.21
15445.0,"2011-03-20",2,284.50
15446.0,"2010-11-28",3,399.75
15447.0,"2011-01-13",5,492.88
15448.0,"2011-01-31",2,788.81
15449.0,"2011-11-13",3,974.52
15450.0,"2011-11-09",1,429.84
15451.0,"2010-10-01",2,226.86
15452.0,"2011-11-10",6,1785.11
15453.0,"2011-12-08",7,1371.77
15454.0,"2010-12-12",2,305.99
15455.0,"2010-04-21",1,38.25
15456.0,"2011-03-01",10,2091.52
15457.0,"2011-03-22",1,237.07
15458.0,"2011-11-14",2,370.44
15459.0,"2010-10-18",2,202.83
15460.0,"2010-12-20",1,214.26
15461.0,"2010-09-05",2,429.70
15462.0,"2011-09-06",4,737.05
15463.0,"2011-11-10",1,126.14
15464.0,"2011-01-05",1,1044.65
15465.0,"2011-11-20",32,12100.40
15466.0,"2011-09-15",4,1560.46
15467.0,"2011-11-30",3,524.88
15468.0,"2011-10-19",3,1430.48
15469.0,"2011-10-20",3,874.25
15470.0,"2010-05-13",1,63.42
15471.0,"2011-12-07",3,1292.01
15472.0,"2011-08-18",1,371.56
15473.0,"2011-11-25",8,2046.00
15474.0,"2010-04-23",1,150.35
15475.0,"2011-09-23",1,454.11
15476.0,"2010-11-24",4,2209.98
15477.0,"2010-02-28",1,368.40
15478.0,"2011-10-30",3,1983.48
15479.0,"2009-12-06",1,147.40
15480.0,"2011-08-15",5,6279.00
15481.0,"2010-11-03",1,1993.34
15482.0,"2011-11-24",19,14417.36
15483.0,"2011-07-01",10,817.82
15484.0,"2011-12-08",6,4652.10
15485.0,"2011-11-09",7,4810.92
15486.0,"2010-06-30",1,102.00
15487.0,"2010-01-29",1,231.32
15488.0,"2011-09-08",5,431.92
15489.0,"2011-11-17",8,2419.61
15490.0,"2010-10-05",1,210.85
15491.0,"2011-09-05",6,3100.09
15492.0,"2011-11-11",2,659.46
15493.0,"2011-11-07",9,4121.68
15494.0,"2011-11-18",5,3702.60
15495.0,"2010-11-25",1,246.50
15496.0,"2010-03-18",1,146.14
15497.0,"2011-11-22",9,8657.39
15498.0,"2011-12-07",44,24972.86
15499.0,"2009-12-16",1,158.65
15500.0,"2011-12-01",4,1131.56
15501.0,"2010-10-31",2,399.95
15502.0,"2011-11-24",14,13003.87
15503.0,"2010-12-12",2,257.30
15504.0,"2011-09-19",4,402.70
15505.0,"2011-10-18",5,3610.96
15506.0,"2011-11-17",6,2030.33
15507.0,"2011-06-21",1,475.86
15508.0,"2011-06-03",6,1000.27
15509.0,"2010-11-24",1,152.41
15510.0,"2011-01-13",1,250.00
15511.0,"2011-11-28",5,900.53
15512.0,"2011-07-07",4,331.58
15513.0,"2011-11-06",35,26437.05
15514.0,"2011-11-27",18,6392.06
15515.0,"2010-11-17",1,171.81
15516.0,"2011-10-26",3,62.43
15517.0,"2011-04-20",1,267.03
15518.0,"2011-10-06",15,4189.99
15519.0,"2010-11-21",2,344.61
15520.0,"2011-12-08",1,343.50
15521.0,"2011-10-30",16,7098.24
15522.0,"2011-11-07",2,397.99
15523.0,"2011-09-16",16,17259.19
15524.0,"2011-11-15",2,591.40
15525.0,"2011-12-07",4,890.22
15526.0,"2011-11-06",2,148.44
15527.0,"2011-11-21",23,5554.89
15528.0,"2011-03-30",1,229.33
15529.0,"2011-11-17",12,4783.66
15530.0,"2011-11-18",5,1808.68
15531.0,"2011-12-01",2,1972.39
15532.0,"2011-11-14",10,3738.85
15533.0,"2011-11-20",3,807.57
15534.0,"2009-12-14",1,162.25
15535.0,"2011-06-19",6,1044.37
15536.0,"2010-10-26",1,259.09
15537.0,"2011-06-29",1,110.92
15538.0,"2010-06-20",6,3358.40
15539.0,"2011-12-02",1,538.46
15540.0,"2011-11-28",2,460.68
15541.0,"2011-08-17",1,85.13
15542.0,"2010-07-15",3,855.71
15543.0,"2011-02-24",2,242.26
15544.0,"2011-11-30",20,7807.89
15545.0,"2011-10-16",2,288.97
15546.0,"2010-04-12",2,1079.10
15547.0,"2011-12-02",26,10057.05
15548.0,"2010-04-23",1,158.09
15549.0,"2011-09-23",8,2334.16
15550.0,"2011-12-05",12,2211.05
15551.0,"2011-11-03",7,1679.81
15552.0,"2011-05-06",2,252.52
15553.0,"2011-10-10",1,428.93
15554.0,"2011-03-07",1,217.20
15555.0,"2011-11-27",36,11243.91
15556.0,"2011-11-15",1,279.77
15557.0,"2011-11-11",1,468.91
15558.0,"2010-03-10",1,202.68
15559.0,"2010-05-20",1,1109.40
15560.0,"2010-11-07",2,153.52
15561.0,"2011-11-28",8,1934.39
15562.0,"2010-12-23",3,671.43
15563.0,"2011-11-17",7,2859.46
15564.0,"2010-09-02",2,70.74
15565.0,"2011-10-20",2,173.16
15566.0,"2010-11-12",2,227.87
15567.0,"2011-11-21",1,186.01
15568.0,"2011-12-07",3,758.29
15569.0,"2011-08-28",10,3583.45
15570.0,"2011-12-02",25,8736.49
15571.0,"2011-11-28",14,3892.35
15572.0,"2011-12-05",10,3965.20
15573.0,"2011-11-08",5,1188.42
15574.0,"2011-06-15",6,1101.44
15575.0,"2010-03-30",1,30.10
15576.0,"2011-11-02",1,921.37
15577.0,"2011-07-11",5,396.03
15578.0,"2011-06-30",1,127.10
15579.0,"2011-10-02",5,1250.63
15580.0,"2010-11-28",8,1375.39
15581.0,"2011-08-11",38,7480.40
15582.0,"2011-11-15",3,682.91
15583.0,"2010-11-28",1,95.96
15584.0,"2011-11-16",6,1268.20
15585.0,"2011-06-16",1,455.30
15586.0,"2010-04-26",3,1139.10
15587.0,"2011-10-20",7,1522.08
15588.0,"2010-01-31",1,579.60
15589.0,"2011-03-29",3,478.53
15590.0,"2010-11-22",5,1496.60
15591.0,"2010-05-06",3,217.90
15592.0,"2011-10-24",1,388.58
15593.0,"2011-09-30",1,199.80
15594.0,"2011-11-24",5,1771.78
15595.0,"2010-08-09",1,357.60
15596.0,"2011-08-31",9,2727.72
15597.0,"2011-11-04",2,563.37
15598.0,"2011-10-17",2,548.02
15599.0,"2011-11-13",3,1250.06
15600.0,"2010-10-07",4,1199.31
15601.0,"2011-11-28",30,14191.74
15602.0,"2011-12-01",16,3137.96
15603.0,"2011-09-22",2,88.48
15604.0,"2011-10-18",1,216.39
15605.0,"2011-11-03",9,1741.95
15606.0,"2011-10-09",17,5230.99
15607.0,"2011-01-07",9,1708.97
15608.0,"2011-11-11",5,1785.98
15609.0,"2011-06-08",1,298.48
15610.0,"2011-10-19",1,112.46
15611.0,"2011-11-30",26,2997.28
15612.0,"2011-11-03",2,195.15
15613.0,"2010-04-08",1,433.72
15614.0,"2010-09-28",4,3147.36
15615.0,"2011-11-29",47,21373.97
15616.0,"2010-09-27",1,317.11
15617.0,"2010-11-08",3,828.55
15618.0,"2011-11-07",4,776.85
15619.0,"2011-11-29",1,336.40
15620.0,"2011-10-14",4,1942.36
15621.0,"2011-12-05",4,1293.03
15622.0,"2011-10-27",17,7852.61
15623.0,"2011-07-21",8,2437.05
15624.0,"2011-08-15",4,588.13
15625.0,"2011-08-28",9,3236.40
15626.0,"2011-09-26",3,1067.52
15627.0,"2010-09-08",2,566.90
15628.0,"2011-12-05",17,5333.08
15629.0,"2010-09-15",4,2240.90
15630.0,"2011-10-25",3,1481.40
15631.0,"2010-03-07",1,596.67
15632.0,"2011-11-24",8,3285.31
15633.0,"2010-07-18",13,4335.96
15634.0,"2011-11-22",2,554.65
15635.0,"2010-11-09",1,100.35
15636.0,"2011-09-11",4,1444.58
15637.0,"2011-10-18",5,797.59
15638.0,"2010-11-26",6,2265.20
15639.0,"2011-07-28",3,1065.08
15640.0,"2011-12-05",29,23494.31
15641.0,"2011-08-26",12,5345.55
15642.0,"2009-12-10",1,105.78
15643.0,"2011-06-01",3,664.00
15644.0,"2011-06-26",4,803.54
15645.0,"2011-11-21",3,1055.17
15646.0,"2011-07-05",5,784.81
15647.0,"2010-10-20",1,169.00
15648.0,"2011-05-19",2,639.50
15649.0,"2011-01-07",4,1660.35
15650.0,"2010-07-06",2,553.88
15651.0,"2011-11-03",5,1259.06
15652.0,"2011-09-09",5,1405.94
15653.0,"2011-09-08",2,877.44
15654.0,"2011-11-30",2,922.53
15655.0,"2011-04-10",1,560.67
15656.0,"2011-10-25",4,748.50
15657.0,"2011-11-17",1,30.00
15658.0,"2011-06-02",8,2117.27
15659.0,"2011-10-27",3,532.49
15660.0,"2011-11-14",15,2603.69
15661.0,"2011-01-26",8,1215.95
15662.0,"2010-02-16",2,283.73
15663.0,"2011-08-25",1,138.14
15664.0,"2011-10-20",4,1254.03
15665.0,"2011-06-24",5,3987.07
15666.0,"2010-08-24",2,632.94
15667.0,"2011-10-31",1,301.32
15668.0,"2011-05-06",1,76.32
15669.0,"2011-10-30",4,684.34
15670.0,"2011-02-16",2,325.20
15671.0,"2011-11-21",7,2657.13
15672.0,"2009-12-14",1,45.30
15673.0,"2011-09-12",9,6204.32
15674.0,"2011-09-27",13,6948.23
15675.0,"2011-09-19",4,542.04
15676.0,"2011-11-21",3,3435.76
15677.0,"2011-10-21",3,1305.63
15678.0,"2011-10-18",3,1825.94
15679.0,"2011-11-15",4,781.28
15680.0,"2011-11-30",10,4028.69
15681.0,"2011-11-14",14,2989.70
15682.0,"2010-04-19",2,318.24
15683.0,"2011-08-14",2,524.54
15684.0,"2010-06-10",3,173.95
15685.0,"2010-09-15",1,55.98
15686.0,"2010-10-15",1,90.00
15687.0,"2011-12-01",9,2993.10
15688.0,"2010-10-17",1,190.57
15689.0,"2011-08-12",3,521.03
15690.0,"2011-12-05",2,239.76
15691.0,"2011-04-01",4,571.30
15692.0,"2011-11-11",1,191.04
15693.0,"2010-02-18",1,37.50
15694.0,"2011-12-09",24,9978.48
15695.0,"2011-03-18",4,1131.04
15696.0,"2011-11-06",13,3881.22
15697.0,"2010-01-19",1,246.75
15698.0,"2010-03-25",1,46.20
15699.0,"2011-11-22",1,309.65
15700.0,"2011-06-20",2,696.68
15701.0,"2011-12-07",4,1529.00
15702.0,"2010-08-20",2,140.39
15703.0,"2011-03-20",1,211.50
15704.0,"2011-07-22",6,3734.66
15705.0,"2011-05-22",1,143.10
15706.0,"2011-10-07",4,1060.56
15707.0,"2011-11-04",4,916.98
15708.0,"2011-10-30",9,3887.15
15709.0,"2011-03-01",2,327.85
15710.0,"2010-10-18",1,898.87
15711.0,"2010-06-01",2,420.25
15712.0,"2011-11-30",12,3472.41
15713.0,"2011-07-19",4,839.64
15714.0,"2011-11-28",5,783.96
15715.0,"2010-06-02",5,658.02
15716.0,"2011-07-17",11,2485.26
15717.0,"2011-04-19",5,607.00
15718.0,"2010-06-17",1,293.79
15719.0,"2011-11-07",31,10195.97
15720.0,"2011-11-15",2,739.22
15721.0,"2011-11-28",1,471.40
15722.0,"2011-11-04",11,5234.00
15723.0,"2010-12-10",4,930.70
15724.0,"2011-05-22",3,310.85
15725.0,"2011-11-24",1,415.25
15726.0,"2010-11-14",1,321.91
15727.0,"2011-11-23",15,9371.71
15728.0,"2010-11-25",2,544.60
15729.0,"2011-05-11",3,192.55
15730.0,"2011-10-05",5,1726.58
15731.0,"2010-06-04",1,125.30
15732.0,"2011-05-11",10,1543.97
15733.0,"2011-03-02",1,162.30
15734.0,"2011-08-17",4,2263.30
15735.0,"2010-10-14",1,327.68
15736.0,"2010-09-30",2,1767.12
15737.0,"2011-11-25",8,1188.12
15738.0,"2011-11-21",41,13043.32
15739.0,"2011-10-04",1,449.12
15740.0,"2011-10-21",1,154.88
15741.0,"2010-09-07",2,208.62
15742.0,"2010-03-30",1,156.87
15743.0,"2011-11-23",4,775.96
15744.0,"2011-09-23",1,34.80
15745.0,"2011-11-20",4,1094.59
15746.0,"2011-07-28",1,196.88
15747.0,"2011-11-27",9,2499.81
15748.0,"2011-10-30",3,609.81
15749.0,"2011-04-18",3,44534.30
15750.0,"2011-12-07",18,6452.99
15751.0,"2010-09-05",11,1380.44
15752.0,"2011-10-31",9,3924.91
15753.0,"2011-02-08",1,79.20
15754.0,"2011-10-19",9,3037.61
15755.0,"2011-11-29",17,5993.12
15756.0,"2011-10-09",4,528.01
15757.0,"2011-10-05",6,2940.36
15758.0,"2011-11-15",1,205.25
15759.0,"2011-05-05",7,830.93
15760.0,"2010-03-19",2,13916.34
15761.0,"2010-09-23",1,143.05
15762.0,"2011-10-05",2,583.75
15763.0,"2011-11-08",2,1086.92
15764.0,"2011-09-12",8,4503.08
15765.0,"2010-02-11",1,370.63
15766.0,"2011-10-06",3,831.06
15768.0,"2011-08-16",34,15308.89
15769.0,"2011-12-02",46,88612.52
15770.0,"2010-04-06",1,321.45
15771.0,"2010-04-14",3,1006.54
15772.0,"2010-10-17",1,280.88
15773.0,"2011-12-04",2,774.52
15774.0,"2011-10-02",6,1288.34
15775.0,"2011-04-08",2,150.50
15776.0,"2011-07-29",1,241.62
15777.0,"2011-04-12",7,1762.61
15778.0,"2010-10-04",1,307.95
15779.0,"2010-09-02",2,124.08
15780.0,"2011-06-09",3,475.28
15781.0,"2011-11-14",3,345.46
15782.0,"2011-11-30",4,4014.10
15783.0,"2011-11-29",1,246.30
15784.0,"2010-08-29",2,848.33
15785.0,"2011-11-07",16,5969.93
15786.0,"2011-10-24",5,8501.62
15787.0,"2011-11-13",3,933.26
15788.0,"2010-07-19",1,221.83
15789.0,"2010-12-16",6,1962.01
15790.0,"2011-11-29",1,218.75
15791.0,"2011-10-27",5,3608.34
15792.0,"2010-11-05",2,933.84
15793.0,"2011-11-25",8,2399.57
15794.0,"2009-12-03",2,777.00
15795.0,"2011-07-13",8,1979.87
15796.0,"2011-12-08",17,5171.63
15797.0,"2011-08-18",6,2821.08
15798.0,"2010-08-04",3,1535.37
15799.0,"2011-09-25",4,1421.34
15800.0,"2011-08-24",7,1227.07
15801.0,"2011-10-24",3,1063.95
15802.0,"2011-07-20",1,451.42
15803.0,"2011-10-19",4,1929.66
15804.0,"2011-12-09",13,4206.39
15805.0,"2011-11-16",30,10148.93
15806.0,"2011-10-24",3,784.58
15807.0,"2011-10-20",5,1817.52
15808.0,"2011-02-06",21,17180.25
15809.0,"2011-11-03",7,1274.44
15810.0,"2011-09-22",8,2999.04
15811.0,"2011-11-17",7,3486.15
15812.0,"2011-08-24",12,5201.47
15813.0,"2011-05-16",2,1303.91
15814.0,"2011-11-23",6,2634.44
15815.0,"2011-10-07",5,2100.60
15816.0,"2010-06-15",2,144.15
15817.0,"2010-10-15",3,2766.40
15818.0,"2010-04-30",1,340.50
15819.0,"2011-10-21",10,3934.79
15820.0,"2011-01-24",1,206.98
15821.0,"2011-10-26",2,570.96
15822.0,"2011-12-06",6,1840.06
15823.0,"2010-12-02",3,3882.17
15824.0,"2010-09-12",2,890.94
15825.0,"2011-06-20",1,532.94
15826.0,"2011-10-14",4,2598.28
15827.0,"2011-09-27",28,3603.14
15828.0,"2010-11-29",1,1108.82
15829.0,"2011-09-01",2,636.14
15830.0,"2011-11-02",1,576.00
15831.0,"2011-10-12",3,794.64
15832.0,"2011-03-30",1,836.79
15833.0,"2009-12-02",1,80.40
15834.0,"2011-09-30",7,3764.39
15835.0,"2011-10-26",4,954.09
15836.0,"2011-10-20",1,137.37
15837.0,"2011-10-06",2,777.01
15838.0,"2011-11-28",34,73205.50
15839.0,"2011-11-06",3,1048.49
15840.0,"2011-10-12",2,355.56
15841.0,"2011-09-28",9,2742.41
15842.0,"2010-11-11",2,548.80
15843.0,"2011-02-09",1,118.95
15844.0,"2011-10-24",1,130.74
15845.0,"2011-11-22",11,4426.28
15846.0,"2010-11-19",1,107.01
15847.0,"2011-11-01",5,822.57
15848.0,"2010-03-28",1,137.99
15850.0,"2011-11-20",6,1006.75
15851.0,"2010-07-01",1,109.73
15852.0,"2011-06-06",3,257.26
15853.0,"2011-10-19",1,110.80
15854.0,"2011-12-05",21,5578.28
15855.0,"2011-07-26",6,1052.72
15856.0,"2011-12-05",52,32275.95
15857.0,"2011-11-21",2,570.48
15858.0,"2011-11-24",13,3552.41
15859.0,"2010-10-03",1,438.46
15860.0,"2011-10-30",17,2361.30
15861.0,"2011-11-27",12,4369.20
15862.0,"2011-12-01",13,2512.29
15863.0,"2011-11-14",5,355.10
15864.0,"2011-11-17",7,2180.76
15865.0,"2011-10-30",5,2241.42
15866.0,"2011-08-30",1,211.89
15867.0,"2011-12-04",31,8923.30
15868.0,"2010-05-05",1,94.53
15869.0,"2011-03-07",3,321.11
15870.0,"2011-11-07",4,857.46
15871.0,"2010-09-28",1,33.10
15872.0,"2011-11-25",4,729.25
15873.0,"2010-07-28",4,313.92
15874.0,"2011-10-07",21,11284.76
15875.0,"2010-03-03",1,108.52
15876.0,"2010-10-26",2,1449.14
15877.0,"2011-12-08",2,490.33
15878.0,"2010-05-27",2,330.77
15879.0,"2010-10-31",4,1137.80
15880.0,"2010-12-05",1,329.03
15881.0,"2011-01-31",5,501.39
15882.0,"2011-05-25",8,1124.66
15883.0,"2011-12-07",2,396.48
15884.0,"2010-10-03",2,244.60
15885.0,"2011-09-08",15,1951.82
15886.0,"2011-10-10",4,1052.87
15887.0,"2010-10-29",3,1027.15
15888.0,"2011-09-20",3,429.16
15889.0,"2011-07-06",8,1427.60
15890.0,"2010-11-10",5,535.65
15891.0,"2011-04-27",1,511.68
15892.0,"2010-02-08",1,128.20
15893.0,"2010-08-15",1,305.28
15894.0,"2011-03-31",2,258.25
15895.0,"2011-07-13",1,179.17
15897.0,"2011-05-29",2,208.59
15898.0,"2011-12-08",25,4996.45
15899.0,"2010-12-06",1,56.25
15900.0,"2011-11-16",4,886.57
15901.0,"2011-11-23",7,687.72
15902.0,"2010-11-24",1,145.01
15903.0,"2011-11-30",12,8939.84
15904.0,"2011-12-01",1,164.68
15905.0,"2010-06-14",1,114.69
15906.0,"2011-11-20",10,2530.19
15907.0,"2011-12-06",3,882.72
15908.0,"2010-08-06",2,758.62
15909.0,"2011-06-19",1,191.94
15910.0,"2011-12-09",15,2661.17
15911.0,"2010-03-26",8,1700.24
15912.0,"2011-06-14",9,1074.70
15913.0,"2010-06-23",1,6.30
15914.0,"2010-11-26",2,205.99
15915.0,"2010-11-03",1,364.45
15916.0,"2011-11-23",13,3145.24
15917.0,"2011-04-06",5,530.17
15918.0,"2011-06-02",3,582.88
15919.0,"2011-11-20",2,525.69
15920.0,"2011-07-08",9,569.14
15921.0,"2011-06-20",4,775.26
15922.0,"2010-12-01",1,369.50
15923.0,"2010-12-02",1,127.08
15924.0,"2009-12-08",1,102.82
15925.0,"2011-05-29",1,207.15
15926.0,"2010-06-15",1,134.44
15927.0,"2010-03-02",1,106.54
15928.0,"2010-02-21",1,293.53
15929.0,"2010-03-05",1,594.00
15930.0,"2011-10-03",1,426.63
15931.0,"2010-10-07",1,239.90
15932.0,"2011-12-05",8,2495.87
15933.0,"2011-11-18",3,1107.46
15934.0,"2010-10-18",2,2190.66
15935.0,"2011-04-14",2,416.86
15936.0,"2010-11-25",2,282.79
15937.0,"2011-10-06",1,145.35
15938.0,"2011-08-19",9,734.81
15939.0,"2011-09-11",16,9060.39
15940.0,"2011-02-01",1,35.80
15941.0,"2010-03-12",1,405.00
15942.0,"2011-07-29",1,337.44
15943.0,"2010-02-28",2,271.29
15944.0,"2011-03-08",4,2164.24
15945.0,"2010-12-09",4,646.27
15946.0,"2010-07-25",3,2304.18
15947.0,"2011-09-18",1,1708.24
15948.0,"2011-12-01",3,1509.09
15949.0,"2011-11-23",2,364.72
15950.0,"2011-11-08",10,7120.91
15951.0,"2011-12-01",3,1013.17
15952.0,"2011-11-06",4,781.91
15953.0,"2011-11-24",18,3440.34
15954.0,"2010-04-29",1,190.75
15955.0,"2011-11-15",22,8085.98
15956.0,"2010-06-06",2,617.60
15957.0,"2011-11-08",3,921.25
15958.0,"2011-09-26",4,462.12
15959.0,"2010-01-26",3,542.89
15960.0,"2010-11-30",4,410.95
15961.0,"2010-11-25",1,451.29
15962.0,"2010-09-16",1,289.48
15963.0,"2011-11-20",2,470.76
15964.0,"2010-02-14",1,269.21
15965.0,"2011-11-22",13,2771.94
15966.0,"2010-09-15",1,426.53
15967.0,"2011-11-16",12,2966.00
15968.0,"2010-11-16",1,404.55
15969.0,"2011-12-07",5,1127.05
15970.0,"2011-02-09",2,1017.32
15971.0,"2011-11-22",18,5902.83
15972.0,"2010-09-09",5,1769.33
15973.0,"2010-12-08",3,680.62
15974.0,"2011-10-31",7,3442.15
15975.0,"2011-09-16",1,371.01
15976.0,"2011-06-27",6,1694.41
15977.0,"2011-11-22",2,1054.73
15978.0,"2011-09-23",3,3279.42
15979.0,"2010-04-16",1,329.22
15980.0,"2011-09-12",7,6543.68
15981.0,"2011-11-15",21,9362.77
15982.0,"2010-04-13",1,324.51
15983.0,"2011-11-17",8,3110.37
15984.0,"2011-12-07",30,8393.02
15985.0,"2011-08-08",7,2715.28
15986.0,"2011-11-09",2,354.42
15987.0,"2011-11-27",8,1535.99
15988.0,"2011-11-20",3,738.89
15989.0,"2010-11-29",2,368.31
15990.0,"2011-10-26",7,1997.75
15991.0,"2010-06-23",1,150.55
15992.0,"2011-12-06",3,896.60
15993.0,"2011-12-01",7,2777.67
15994.0,"2011-10-16",3,1175.68
15995.0,"2010-10-21",1,694.54
15996.0,"2011-09-12",7,1386.40
15998.0,"2011-11-03",16,8274.14
15999.0,"2009-12-04",1,20.40
16000.0,"2011-12-07",3,12393.70
16001.0,"2010-11-23",1,583.39
16002.0,"2010-03-24",1,169.21
16003.0,"2011-11-10",10,5613.83
16004.0,"2010-08-22",5,2146.39
16005.0,"2011-11-27",10,2365.49
16006.0,"2011-05-12",2,332.82
16007.0,"2011-10-23",7,3053.06
16008.0,"2011-11-16",15,5339.13
16009.0,"2011-11-17",4,972.11
16010.0,"2011-04-08",11,1694.86
16011.0,"2011-12-01",29,5601.01
16012.0,"2011-11-04",5,2978.59
16013.0,"2011-12-06",84,56078.44
16014.0,"2011-11-02",5,1100.28
16015.0,"2011-12-06",3,704.55
16016.0,"2011-12-06",11,2083.40
16017.0,"2011-10-23",5,1545.58
16018.0,"2011-10-31",4,698.13
16019.0,"2011-10-24",27,17329.16
16020.0,"2011-11-23",3,851.01
16021.0,"2010-11-09",2,487.03
16022.0,"2011-03-24",1,602.63
16023.0,"2011-10-24",3,719.81
16024.0,"2011-11-27",3,483.99
16025.0,"2011-11-10",1,439.66
16026.0,"2011-10-27",1,236.09
16027.0,"2011-09-09",15,2048.36
16028.0,"2010-04-23",1,82.20
16029.0,"2011-11-01",107,117763.62
16030.0,"2011-02-03",1,331.24
16031.0,"2011-09-08",2,547.90
16032.0,"2010-09-09",6,1965.72
16033.0,"2011-12-04",27,10608.81
16034.0,"2011-05-27",6,911.32
16035.0,"2010-05-28",1,217.73
16036.0,"2011-09-13",4,2556.84
16037.0,"2011-03-15",5,1509.34
16038.0,"2011-12-02",3,471.78
16039.0,"2010-10-12",2,456.40
16040.0,"2011-10-05",7,2416.90
16041.0,"2011-11-09",3,3166.40
16042.0,"2011-11-17",8,2245.32
16043.0,"2011-11-02",8,1856.59
16044.0,"2010-09-30",1,340.84
16045.0,"2011-08-12",8,3434.93
16046.0,"2010-05-26",1,235.78
16047.0,"2010-01-26",1,107.14
16048.0,"2010-12-01",4,818.79
16049.0,"2011-10-30",6,1852.15
16050.0,"2011-06-19",3,300.70
16051.0,"2010-01-27",1,188.44
16052.0,"2011-10-16",1,362.06
16053.0,"2011-11-07",6,3634.84
16054.0,"2011-07-17",4,2111.88
16055.0,"2011-05-03",1,134.80
16056.0,"2011-10-25",1,650.75
16057.0,"2011-11-23",10,3854.85
16058.0,"2010-10-29",1,62.70
16059.0,"2011-10-05",12,3053.57
16060.0,"2010-11-04",3,541.95
16061.0,"2010-10-04",1,89.65
16062.0,"2011-11-30",8,2863.45
16063.0,"2011-03-24",1,335.32
16064.0,"2009-12-14",1,109.31
16065.0,"2010-12-09",8,1992.13
16066.0,"2011-11-23",5,1521.04
16067.0,"2010-05-26",3,3269.11
16068.0,"2010-04-25",1,115.73
16069.0,"2010-10-18",1,457.70
16070.0,"2011-11-17",2,852.15
16071.0,"2011-10-26",4,1076.80
16072.0,"2011-02-24",4,4180.09
16073.0,"2011-02-15",1,122.40
16074.0,"2010-11-14",1,252.50
16075.0,"2010-07-25",2,736.93
16076.0,"2011-12-06",10,2234.73
16077.0,"2010-03-24",1,2300.40
16078.0,"2011-03-01",2,362.99
16079.0,"2011-11-23",3,1352.00
16080.0,"2011-09-19",4,602.56
16081.0,"2011-10-14",8,4278.96
16082.0,"2010-02-07",1,106.75
16083.0,"2011-08-31",4,2351.42
16084.0,"2011-02-13",1,436.18
16085.0,"2011-11-16",12,2341.03
16086.0,"2011-10-11",10,2687.73
16087.0,"2010-11-15",5,1739.92
16088.0,"2010-05-13",2,1437.43
16089.0,"2010-11-18",2,263.49
16090.0,"2010-03-25",1,180.56
16091.0,"2011-07-08",2,315.06
16092.0,"2011-08-17",6,1587.94
16093.0,"2011-08-25",1,17.00
16094.0,"2011-11-28",11,3695.56
16095.0,"2010-09-09",1,447.05
16096.0,"2011-03-20",4,1584.97
16097.0,"2011-04-13",1,185.05
16098.0,"2011-09-13",14,4010.70
16099.0,"2011-10-20",7,1573.20
16100.0,"2010-09-03",1,582.64
16101.0,"2011-09-30",4,3229.16
16102.0,"2011-10-28",3,1842.14
16103.0,"2011-12-02",22,6191.71
16104.0,"2011-10-09",9,2774.46
16105.0,"2011-04-05",5,2386.19
16106.0,"2011-10-05",1,108.38
16107.0,"2011-11-22",7,3204.16
16108.0,"2011-09-16",4,2235.92
16109.0,"2011-05-05",3,939.48
16110.0,"2011-10-25",4,1781.59
16111.0,"2010-10-07",1,549.33
16112.0,"2011-07-19",4,195.74
16113.0,"2011-06-09",1,161.38
16114.0,"2011-06-22",1,135.75
16115.0,"2011-11-30",12,2553.80
16116.0,"2011-05-12",1,612.78
16117.0,"2011-06-03",3,654.40
16118.0,"2010-02-25",1,4376.25
16119.0,"2011-12-01",8,1720.81
16120.0,"2011-10-11",6,2967.51
16121.0,"2011-10-13",5,1450.04
16122.0,"2011-09-27",6,895.62
16123.0,"2011-10-19",1,307.78
16124.0,"2011-01-26",4,1772.49
16125.0,"2010-12-07",14,4292.35
16126.0,"2011-11-10",15,14644.60
16127.0,"2011-10-31",2,801.31
16128.0,"2011-11-22",11,3801.05
16129.0,"2010-10-28",3,1396.05
16130.0,"2010-10-13",4,987.48
16131.0,"2011-10-19",12,9957.42
16132.0,"2010-06-13",2,664.20
16133.0,"2011-12-06",56,22992.26
16134.0,"2011-11-18",5,2145.34
16135.0,"2011-03-22",2,819.45
16136.0,"2011-10-11",4,946.80
16137.0,"2010-01-28",1,422.70
16138.0,"2010-11-26",3,910.35
16139.0,"2011-11-21",5,1111.15
16140.0,"2011-10-05",3,1433.46
16141.0,"2011-09-12",2,955.94
16142.0,"2011-04-04",1,535.34
16143.0,"2011-12-06",12,4555.08
16144.0,"2011-04-07",1,175.20
16145.0,"2011-12-01",19,6805.44
16146.0,"2011-07-05",4,946.38
16147.0,"2011-07-29",5,2398.91
16148.0,"2011-02-16",2,386.62
16149.0,"2011-12-05",3,422.22
16150.0,"2011-10-28",10,4002.17
16152.0,"2011-03-16",1,1829.04
16153.0,"2011-10-21",11,5133.49
16155.0,"2010-11-23",5,796.90
16156.0,"2011-12-01",20,6188.18
16157.0,"2011-11-24",3,656.69
16158.0,"2010-07-05",9,628.32
16159.0,"2011-03-03",4,1232.79
16160.0,"2011-10-05",2,1025.44
16161.0,"2011-12-08",43,12580.06
16162.0,"2011-04-01",1,37.40
16163.0,"2011-04-21",6,2407.98
16164.0,"2011-11-22",3,822.48
16165.0,"2010-07-22",1,79.90
16166.0,"2010-10-07",2,435.83
16167.0,"2010-10-21",5,1386.12
16168.0,"2011-11-29",66,10360.67
16169.0,"2011-12-01",4,1822.97
16170.0,"2011-10-20",20,6869.00
16171.0,"2011-10-11",1,73.20
16172.0,"2011-09-05",8,1884.55
16173.0,"2011-11-24",6,1418.32
16174.0,"2011-08-05",7,2246.75
16175.0,"2011-09-06",7,1836.44
16176.0,"2010-10-14",4,2052.69
16177.0,"2011-10-20",8,2247.31
16178.0,"2011-07-24",2,612.60
16179.0,"2011-10-10",1,215.83
16180.0,"2011-08-31",13,16249.87
16181.0,"2011-09-27",1,305.54
16182.0,"2011-09-28",9,9971.65
16183.0,"2011-10-03",4,1077.81
16184.0,"2011-10-06",6,1158.79
16185.0,"2011-11-23",3,644.72
16186.0,"2011-11-17",26,8718.43
16187.0,"2011-11-08",15,6911.44
16188.0,"2011-10-26",5,1087.66
16189.0,"2011-11-24",2,215.48
16190.0,"2011-10-30",8,2723.55
16191.0,"2011-12-07",24,15677.82
16192.0,"2009-12-04",1,351.30
16193.0,"2011-04-17",2,630.43
16194.0,"2010-11-29",1,308.60
16195.0,"2009-12-16",1,323.25
16196.0,"2010-08-08",1,93.30
16197.0,"2010-08-27",9,2016.71
16198.0,"2011-09-25",2,1030.04
16199.0,"2010-11-12",7,942.75
16200.0,"2011-12-05",12,5608.10
16201.0,"2011-12-06",5,2112.12
16202.0,"2010-12-14",9,2501.99
16203.0,"2011-10-12",6,943.84
16204.0,"2011-11-16",3,918.71
16205.0,"2011-11-09",7,1820.11
16206.0,"2011-10-16",13,2589.87
16207.0,"2011-11-14",1,394.38
16208.0,"2011-10-26",10,3440.45
16209.0,"2011-09-12",9,4146.78
16210.0,"2011-12-08",35,33750.97
16211.0,"2011-09-12",3,1090.59
16212.0,"2011-11-20",4,1293.71
16213.0,"2011-09-22",1,159.00
16214.0,"2011-06-22",4,2038.25
16215.0,"2011-09-20",1,242.35
16216.0,"2011-03-17",1,914.93
16217.0,"2011-04-18",2,304.25
16218.0,"2011-11-10",13,3968.67
16219.0,"2010-07-27",1,40.80
16221.0,"2011-11-03",9,2019.92
16222.0,"2011-01-25",2,1272.05
16223.0,"2010-11-30",2,1087.05
16224.0,"2011-10-13",5,1616.54
16225.0,"2011-10-26",15,2859.31
16226.0,"2011-05-20",5,672.17
16227.0,"2011-04-28",3,1027.22
16228.0,"2010-11-19",3,885.71
16229.0,"2011-09-13",6,2867.86
16230.0,"2011-06-03",2,542.03
16231.0,"2010-11-25",4,1074.47
16232.0,"2011-10-27",7,2712.97
16233.0,"2011-09-29",9,1818.31
16234.0,"2010-08-20",3,333.18
16235.0,"2011-10-30",9,2053.71
16236.0,"2011-09-22",1,432.20
16237.0,"2010-09-28",1,136.65
16238.0,"2010-10-13",1,63.66
16239.0,"2011-10-14",6,1492.20
16240.0,"2011-11-15",2,3718.80
16241.0,"2011-11-30",16,3992.86
16242.0,"2011-12-01",14,7404.65
16243.0,"2011-11-06",2,409.10
16244.0,"2011-05-12",2,1522.75
16245.0,"2011-11-16",3,1413.66
16246.0,"2010-09-06",2,821.35
16247.0,"2011-06-22",1,114.56
16248.0,"2011-10-09",1,152.94
16249.0,"2011-10-18",5,1800.07
16250.0,"2011-03-23",3,565.24
16251.0,"2010-07-15",1,128.31
16252.0,"2010-11-22",1,295.09
16253.0,"2011-10-04",7,7272.20
16254.0,"2010-11-26",3,967.44
16255.0,"2011-11-23",15,4530.00
16256.0,"2011-03-18",3,1629.37
16257.0,"2011-06-16",1,46.95
16258.0,"2011-10-25",15,11942.52
16259.0,"2010-10-25",3,340.94
16260.0,"2011-10-20",1,1035.45
16261.0,"2011-11-22",6,1041.16
16262.0,"2010-11-26",1,755.15
16263.0,"2010-10-12",1,348.16
16264.0,"2010-09-27",2,823.53
16265.0,"2011-11-30",12,6935.17
16266.0,"2011-09-27",14,1757.95
16267.0,"2010-04-27",1,186.66
16268.0,"2011-09-29",2,667.65
16269.0,"2010-09-28",1,717.57
16270.0,"2010-12-21",1,1141.24
16271.0,"2011-12-07",10,3397.82
16272.0,"2011-08-15",1,411.70
16273.0,"2010-03-01",2,318.34
16274.0,"2010-12-01",1,351.75
16275.0,"2011-05-27",3,2151.11
16276.0,"2011-06-16",3,2629.39
16277.0,"2009-12-06",1,188.69
16278.0,"2011-08-31",3,1117.84
16279.0,"2011-11-18",9,5698.28
16280.0,"2009-12-14",1,238.05
16281.0,"2011-09-28",3,3424.02
16282.0,"2011-01-04",3,1307.58
16283.0,"2011-12-04",8,4350.32
16284.0,"2011-11-08",3,1018.48
16285.0,"2010-03-03",1,176.90
16286.0,"2010-08-19",2,328.95
16287.0,"2011-06-23",5,1006.98
16288.0,"2010-08-26",1,129.85
16289.0,"2010-09-03",1,136.31
16290.0,"2010-09-01",4,1957.70
16291.0,"2010-01-26",1,117.72
16292.0,"2011-08-10",5,1253.76
16293.0,"2011-11-18",15,4279.20
16294.0,"2010-08-20",1,126.05
16295.0,"2011-11-30",4,1328.55
16296.0,"2010-03-23",4,1313.67
16297.0,"2011-03-16",1,301.90
16298.0,"2011-11-17",7,1085.70
16299.0,"2010-08-19",1,193.65
16300.0,"2010-10-05",3,1367.32
16301.0,"2009-12-03",1,107.33
16302.0,"2011-08-05",1,233.22
16303.0,"2011-11-14",7,7928.27
16304.0,"2010-01-14",1,381.66
16305.0,"2011-07-24",1,361.22
16306.0,"2011-05-10",7,1124.72
16307.0,"2010-10-06",3,1194.92
16308.0,"2011-11-02",7,5120.00
16309.0,"2011-08-25",2,706.57
16310.0,"2010-10-21",2,460.08
16311.0,"2011-11-22",2,616.26
16312.0,"2010-10-03",1,171.15
16313.0,"2011-12-06",2,274.15
16314.0,"2010-11-15",3,1491.40
16315.0,"2011-01-13",2,402.71
16316.0,"2011-10-06",13,5744.91
16317.0,"2011-08-12",5,2192.51
16318.0,"2011-11-04",1,328.15
16319.0,"2011-05-06",1,404.40
16320.0,"2011-06-20",6,5628.99
16321.0,"2011-09-28",7,604.55
16322.0,"2011-12-08",2,326.75
16323.0,"2011-05-27",2,353.66
16324.0,"2011-08-03",3,408.59
16325.0,"2011-10-24",12,3597.50
16326.0,"2011-12-04",24,4721.25
16327.0,"2011-11-25",16,10159.64
16328.0,"2010-05-25",1,310.83
16329.0,"2010-10-08",4,1664.92
16330.0,"2011-11-22",7,625.38
16331.0,"2010-10-03",6,2037.70
16332.0,"2011-11-11",11,2000.01
16333.0,"2011-12-02",22,26626.80
16334.0,"2010-08-04",1,263.73
16335.0,"2010-06-06",7,2753.52
16336.0,"2010-10-15",4,3517.69
16337.0,"2011-11-03",1,151.05
16338.0,"2011-07-05",1,214.80
16339.0,"2011-02-28",1,94.05
16340.0,"2011-08-24",3,1496.24
16341.0,"2011-11-15",7,3850.79
16342.0,"2011-09-25",4,322.41
16343.0,"2011-11-23",3,614.12
16344.0,"2011-07-04",4,842.42
16345.0,"2011-10-26",2,1178.79
16346.0,"2010-11-19",1,224.51
16347.0,"2011-11-28",11,3442.96
16348.0,"2011-11-07",8,1744.42
16349.0,"2011-02-22",1,53.50
16350.0,"2011-11-18",9,2253.89
16351.0,"2011-01-11",13,3330.03
16352.0,"2011-11-22",2,494.44
16353.0,"2011-12-06",38,9795.46
16354.0,"2011-10-07",5,1119.46
16355.0,"2010-11-29",1,416.35
16356.0,"2011-05-26",6,415.87
16357.0,"2011-11-06",4,868.37
16358.0,"2011-12-08",5,2919.65
16359.0,"2011-12-02",16,2697.75
16360.0,"2011-12-05",6,3450.41
16361.0,"2011-11-30",4,891.21
16362.0,"2011-11-07",6,922.16
16363.0,"2011-10-17",1,109.36
16364.0,"2011-11-28",2,705.79
16365.0,"2011-11-22",15,3167.34
16366.0,"2011-11-21",4,1548.13
16367.0,"2011-11-02",3,1350.48
16368.0,"2011-12-07",3,621.44
16369.0,"2011-11-21",7,2656.56
16370.0,"2011-09-18",4,1301.91
16371.0,"2010-09-17",1,157.20
16372.0,"2011-11-06",5,1290.31
16373.0,"2010-11-22",2,309.49
16374.0,"2011-10-04",5,1723.40
16375.0,"2010-08-26",2,104.00
16376.0,"2011-12-01",2,974.96
16377.0,"2011-03-17",2,1308.48
16378.0,"2011-04-06",3,362.95
16379.0,"2011-12-05",4,2157.40
16380.0,"2011-10-09",1,1743.15
16381.0,"2010-11-09",2,247.85
16382.0,"2010-10-27",2,353.10
16383.0,"2011-09-26",7,2896.69
16384.0,"2011-09-11",4,1358.95
16385.0,"2011-10-10",5,881.35
16386.0,"2011-11-11",3,1068.16
16387.0,"2011-01-21",5,882.46
16388.0,"2010-02-24",1,186.05
16389.0,"2011-10-17",4,1382.07
16390.0,"2010-06-21",3,467.50
16391.0,"2010-11-04",4,1052.26
16392.0,"2011-03-15",3,756.70
16393.0,"2011-12-07",23,5297.77
16394.0,"2011-10-14",5,1555.34
16395.0,"2011-10-10",14,3518.41
16396.0,"2010-08-20",1,137.80
16397.0,"2010-03-21",1,123.13
16398.0,"2011-07-08",2,1705.80
16399.0,"2011-11-20",3,630.22
16400.0,"2011-09-06",9,3059.85
16401.0,"2011-12-08",23,6849.15
16402.0,"2011-03-20",2,293.45
16403.0,"2011-01-31",1,177.50
16404.0,"2011-09-30",1,443.05
16405.0,"2011-02-10",2,167.25
16406.0,"2011-11-21",3,528.36
16407.0,"2011-11-27",14,2761.65
16408.0,"2010-04-27",1,231.93
16409.0,"2011-11-03",12,5652.74
16410.0,"2009-12-05",1,130.32
16411.0,"2011-11-20",4,756.39
16412.0,"2011-10-17",5,593.19
16413.0,"2011-10-14",2,522.03
16414.0,"2011-11-18",5,551.21
16415.0,"2011-10-26",3,696.76
16416.0,"2011-11-13",9,2957.88
16417.0,"2010-08-04",1,35.70
16418.0,"2011-10-26",5,1028.74
16419.0,"2011-08-19",8,1463.70
16420.0,"2010-11-08",1,75.00
16421.0,"2010-11-28",3,526.27
16422.0,"2011-11-22",109,61920.87
16423.0,"2011-11-15",1,346.12
16424.0,"2011-06-01",2,443.06
16425.0,"2011-02-10",1,302.70
16426.0,"2011-12-07",10,1863.76
16427.0,"2011-03-21",2,241.06
16428.0,"2010-10-22",3,638.49
16429.0,"2011-08-25",1,284.55
16430.0,"2011-10-13",7,1117.94
16431.0,"2011-05-10",3,623.28
16432.0,"2011-10-06",1,287.40
16433.0,"2011-11-11",2,384.52
16434.0,"2011-11-10",12,2673.69
16435.0,"2010-07-15",3,1003.07
16436.0,"2010-02-09",3,319.14
16437.0,"2010-11-23",2,301.25
16438.0,"2011-12-04",5,798.35
16439.0,"2009-12-17",1,310.70
16440.0,"2011-12-02",6,3856.97
16441.0,"2011-10-03",5,1019.13
16442.0,"2011-12-08",5,891.98
16443.0,"2010-07-07",1,162.24
16444.0,"2011-10-24",17,3625.88
16445.0,"2011-11-06",4,583.16
16446.0,"2011-12-09",2,168472.50
16447.0,"2011-07-27",3,727.10
16448.0,"2011-05-25",2,361.12
16449.0,"2011-05-26",2,707.69
16450.0,"2011-07-13",3,1505.73
16451.0,"2011-09-13",3,1013.15
16452.0,"2010-03-19",2,332.17
16453.0,"2010-06-27",2,251.71
16454.0,"2011-10-26",4,30.95
16455.0,"2011-10-07",11,3995.57
16456.0,"2011-09-01",13,6000.94
16457.0,"2011-05-05",1,208.36
16458.0,"2011-12-07",30,5690.89
16459.0,"2009-12-10",1,71.79
16460.0,"2011-11-11",3,811.23
16461.0,"2011-06-15",3,1545.83
16462.0,"2011-09-27",3,136.00
16463.0,"2011-11-18",4,1422.40
16464.0,"2011-11-20",3,1298.66
16465.0,"2010-10-15",2,746.24
16466.0,"2011-11-06",15,3767.09
16467.0,"2010-07-19",7,2869.16
16468.0,"2011-09-26",3,787.52
16469.0,"2011-11-16",5,803.90
16470.0,"2011-10-19",11,2416.85
16471.0,"2011-03-10",4,1189.98
16472.0,"2010-10-01",2,789.60
16473.0,"2011-06-28",4,470.83
16474.0,"2011-12-02",7,1810.65
16475.0,"2011-09-12",4,544.30
16476.0,"2010-10-04",1,350.35
16477.0,"2011-10-07",11,4094.37
16478.0,"2011-11-14",3,331.00
16479.0,"2011-11-29",2,300.83
16480.0,"2011-09-25",1,769.29
16481.0,"2010-01-26",1,453.38
16482.0,"2011-11-24",1,220.62
16483.0,"2011-05-31",1,139.35
16484.0,"2011-06-19",2,404.30
16485.0,"2011-09-23",5,2287.19
16486.0,"2010-06-20",1,134.36
16487.0,"2010-05-11",2,209.40
16488.0,"2011-11-06",3,498.80
16489.0,"2010-11-24",2,303.70
16490.0,"2010-09-29",1,205.41
16491.0,"2011-10-24",2,1533.16
16492.0,"2010-06-17",1,385.56
16493.0,"2011-09-21",7,2132.09
16494.0,"2011-02-16",1,826.53
16495.0,"2011-12-06",3,648.26
16496.0,"2011-12-01",6,2330.77
16497.0,"2011-10-21",23,6695.28
16498.0,"2011-07-01",2,100.97
16499.0,"2010-12-14",8,2578.34
16500.0,"2011-12-05",9,843.91
16501.0,"2010-11-21",1,1191.23
16502.0,"2010-03-29",2,258.55
16503.0,"2011-08-25",11,3614.34
16504.0,"2011-11-14",1,465.88
16505.0,"2011-11-08",1,777.60
16506.0,"2011-11-20",2,90.30
16507.0,"2010-05-16",1,142.71
16508.0,"2010-03-19",1,240.95
16509.0,"2011-02-16",1,363.70
16510.0,"2010-12-02",6,1777.50
16511.0,"2011-11-18",6,1760.49
16513.0,"2011-12-05",4,874.59
16515.0,"2011-10-18",10,3179.06
16516.0,"2011-11-09",1,101.70
16517.0,"2011-03-07",1,162.70
16518.0,"2011-10-09",4,959.37
16519.0,"2011-11-14",4,439.06
16520.0,"2011-06-06",6,2148.38
16521.0,"2010-10-20",3,1140.11
16522.0,"2010-09-30",2,433.36
16523.0,"2011-12-08",28,11916.33
16524.0,"2010-09-19",2,306.19
16525.0,"2011-12-07",48,24151.30
16526.0,"2011-06-21",2,717.21
16527.0,"2011-09-19",2,1232.94
16528.0,"2011-12-06",1,244.41
16529.0,"2011-06-02",4,1986.80
16530.0,"2010-02-09",1,48.35
16531.0,"2011-11-17",11,2298.33
16532.0,"2011-11-22",5,8756.64
16533.0,"2011-11-20",3,1082.81
16534.0,"2010-03-07",1,635.90
16535.0,"2011-12-04",3,972.04
16536.0,"2011-08-21",1,548.12
16537.0,"2010-03-08",1,23.35
16538.0,"2010-06-16",3,395.07
16539.0,"2011-12-07",10,3289.66
16540.0,"2010-10-21",1,205.75
16541.0,"2009-12-04",1,424.03
16542.0,"2011-10-17",2,257.32
16543.0,"2010-04-27",1,292.21
16544.0,"2010-07-08",4,376.70
16545.0,"2011-06-28",2,689.82
16546.0,"2011-02-22",5,5307.07
16547.0,"2010-06-11",1,104.26
16548.0,"2010-04-19",1,30.15
16549.0,"2011-11-29",34,12781.80
16550.0,"2011-08-23",18,8813.58
16551.0,"2011-09-05",7,2237.12
16552.0,"2011-04-11",2,379.73
16553.0,"2011-06-29",33,16584.01
16554.0,"2011-10-28",8,2841.72
16555.0,"2011-11-04",6,1915.68
16556.0,"2011-10-04",17,8012.58
16557.0,"2011-11-15",2,281.85
16558.0,"2011-12-09",38,13304.11
16559.0,"2010-11-07",1,175.00
16560.0,"2011-11-13",8,3048.38
16561.0,"2011-12-04",2,511.12
16562.0,"2010-08-20",1,223.86
16563.0,"2011-10-17",6,4412.56
16564.0,"2010-05-19",1,87.80
16565.0,"2010-12-10",4,773.05
16566.0,"2011-11-24",5,614.66
16567.0,"2011-05-29",2,865.60
16568.0,"2010-10-08",2,1020.90
16569.0,"2011-12-06",5,1455.23
16570.0,"2011-11-24",20,7434.31
16571.0,"2011-11-13",10,4248.74
16572.0,"2011-08-04",3,1009.60
16573.0,"2011-09-16",2,663.61
16574.0,"2011-09-29",3,1301.78
16576.0,"2010-10-15",2,540.87
16577.0,"2010-02-11",1,380.00
16578.0,"2010-03-23",1,156.60
16579.0,"2010-10-10",1,295.05
16581.0,"2011-06-10",1,105.84
16582.0,"2011-08-18",1,313.62
16583.0,"2010-12-01",2,297.95
16584.0,"2011-09-20",5,3156.17
16585.0,"2010-04-25",2,341.59
16586.0,"2011-04-05",3,1462.78
16587.0,"2011-04-21",1,225.15
16588.0,"2010-11-18",4,1361.28
16589.0,"2011-09-29",4,612.36
16590.0,"2010-11-04",2,605.90
16591.0,"2011-10-02",1,213.50
16592.0,"2011-12-05",28,7807.91
16593.0,"2011-10-20",8,1071.14
16594.0,"2011-09-25",1,181.09
16595.0,"2011-10-09",5,1757.75
16596.0,"2011-11-24",4,458.98
16597.0,"2011-12-05",1,90.04
16598.0,"2011-02-27",1,145.05
16599.0,"2010-11-19",1,172.80
16600.0,"2011-12-05",13,2153.41
16601.0,"2011-10-30",3,677.00
16602.0,"2011-11-03",2,763.33
16603.0,"2011-09-26",2,482.47
16604.0,"2010-05-26",2,432.45
16605.0,"2009-12-15",1,60.48
16606.0,"2010-10-31",2,357.66
16607.0,"2011-11-22",25,5706.87
16608.0,"2010-09-12",2,1286.62
16609.0,"2011-11-24",7,5493.46
16610.0,"2011-05-04",1,75.66
16611.0,"2011-06-06",6,1785.13
16612.0,"2011-11-07",9,3245.43
16613.0,"2011-09-30",1,618.59
16614.0,"2011-06-10",3,1179.79
16615.0,"2010-03-23",1,291.50
16616.0,"2011-11-24",2,500.42
16617.0,"2011-04-18",1,151.85
16618.0,"2011-11-08",5,2647.59
16619.0,"2011-03-21",4,1938.33
16620.0,"2011-12-06",6,1758.93
16621.0,"2011-10-19",4,813.48
16622.0,"2010-06-14",1,225.40
16623.0,"2011-04-08",4,1015.24
16624.0,"2011-09-20",2,810.57
16625.0,"2011-03-10",5,1654.03
16626.0,"2011-12-09",17,4413.10
16627.0,"2011-09-21",1,322.80
16628.0,"2011-11-10",7,2318.10
16629.0,"2011-09-27",2,408.63
16630.0,"2010-10-28",1,106.80
16631.0,"2010-08-15",7,1892.52
16632.0,"2010-08-11",2,406.40
16633.0,"2011-11-22",6,2883.10
16634.0,"2011-05-01",6,1649.81
16635.0,"2010-10-29",1,473.00
16636.0,"2010-09-27",4,3802.04
16637.0,"2011-11-07",4,1154.47
16638.0,"2011-11-17",15,2380.13
16639.0,"2011-11-08",4,1747.98
16640.0,"2010-11-07",1,179.40
16641.0,"2011-08-26",2,554.50
16642.0,"2011-12-05",3,1077.45
16643.0,"2011-04-08",2,923.11
16644.0,"2011-06-15",2,833.78
16645.0,"2009-12-04",1,160.39
16646.0,"2010-09-16",1,678.80
16647.0,"2011-06-23",4,541.90
16648.0,"2011-10-28",3,672.80
16649.0,"2010-07-07",1,306.58
16650.0,"2011-09-29",7,1916.11
16651.0,"2010-05-02",1,136.20
16652.0,"2011-10-12",16,17550.39
16653.0,"2011-11-23",2,1212.66
16654.0,"2011-07-21",8,1484.07
16655.0,"2011-11-22",13,6423.26
16656.0,"2011-11-17",30,16833.17
16657.0,"2011-11-30",4,874.43
16658.0,"2010-12-06",6,690.83
16659.0,"2011-06-03",1,39.12
16660.0,"2011-11-23",7,1879.55
16661.0,"2010-06-17",4,932.76
16662.0,"2010-11-10",1,151.05
16663.0,"2009-12-10",1,165.00
16664.0,"2010-05-19",1,109.20
16665.0,"2010-12-12",1,135.40
16666.0,"2011-11-20",2,217.71
16667.0,"2011-10-02",2,567.18
16668.0,"2011-11-24",13,862.42
16669.0,"2011-11-16",3,1348.88
16670.0,"2011-11-23",20,8030.15
16671.0,"2011-11-11",3,1692.27
16672.0,"2011-12-07",20,8134.94
16673.0,"2010-01-29",1,171.13
16674.0,"2011-10-16",2,304.24
16675.0,"2010-09-24",2,608.86
16676.0,"2011-11-06",6,2361.90
16677.0,"2010-10-24",2,880.62
16678.0,"2011-12-07",12,3109.99
16679.0,"2010-12-08",3,663.31
16680.0,"2011-10-27",3,821.45
16681.0,"2011-09-28",7,1921.84
16682.0,"2011-12-05",5,1028.00
16683.0,"2010-06-24",1,320.25
16684.0,"2011-12-05",55,147142.77
16685.0,"2011-10-09",2,324.24
16686.0,"2011-10-23",16,4881.07
16687.0,"2010-11-14",1,157.63
16688.0,"2011-12-08",4,1260.86
16689.0,"2011-09-25",2,422.60
16690.0,"2011-09-28",4,353.03
16691.0,"2010-10-17",2,178.83
16692.0,"2011-03-28",4,1914.70
16693.0,"2011-10-02",5,1179.48
16694.0,"2009-12-16",1,98.30
16695.0,"2010-05-27",2,191.90
16696.0,"2011-07-27",4,657.90
16697.0,"2011-04-12",1,112.75
16698.0,"2011-04-27",2,1998.00
16699.0,"2010-11-24",7,994.60
16700.0,"2011-12-01",25,8830.77
16701.0,"2011-12-01",26,9916.73
16702.0,"2010-10-20",4,1110.83
16704.0,"2010-03-31",2,664.16
16705.0,"2011-12-09",42,43515.05
16706.0,"2011-11-02",3,531.35
16707.0,"2010-11-04",4,533.41
16708.0,"2011-10-25",1,656.63
16709.0,"2011-09-16",14,9056.01
16710.0,"2011-11-20",22,5921.35
16711.0,"2011-12-06",9,2868.48
16712.0,"2011-11-30",13,4232.87
16713.0,"2011-11-21",32,14115.56
16714.0,"2011-05-05",4,1497.33
16715.0,"2011-09-22",2,625.52
16716.0,"2011-03-18",3,2149.68
16717.0,"2011-11-16",14,6663.68
16718.0,"2010-12-05",5,3006.08
16719.0,"2011-11-25",14,3513.62
16720.0,"2011-11-13",3,758.74
16721.0,"2011-03-22",1,292.47
16722.0,"2011-11-22",22,8189.56
16723.0,"2011-09-09",4,1231.36
16724.0,"2010-10-31",1,147.35
16725.0,"2011-02-10",14,1688.26
16726.0,"2011-11-13",7,2063.88
16727.0,"2010-12-10",4,1377.77
16728.0,"2011-10-24",4,1048.28
16729.0,"2011-11-01",21,7205.33
16730.0,"2011-10-18",3,743.11
16731.0,"2010-03-01",1,170.30
16732.0,"2011-11-08",4,4387.64
16733.0,"2010-06-28",1,259.68
16734.0,"2011-10-18",3,646.76
16735.0,"2011-09-22",14,6217.41
16736.0,"2010-07-22",5,2956.56
16737.0,"2011-10-17",2,835.20
16738.0,"2011-02-15",1,3.75
16739.0,"2011-06-16",2,786.43
16740.0,"2010-11-09",1,226.91
16741.0,"2010-03-24",1,173.06
16742.0,"2011-10-24",14,2799.87
16743.0,"2011-11-10",14,4212.15
16744.0,"2011-11-28",7,1291.91
16745.0,"2011-09-14",17,7180.70
16746.0,"2011-12-05",42,18046.75
16747.0,"2011-11-02",2,836.06
16748.0,"2011-11-22",14,3637.33
16749.0,"2010-04-27",2,4157.88
16750.0,"2011-10-26",5,623.93
16751.0,"2011-11-09",1,1764.72
16752.0,"2010-12-02",1,207.50
16753.0,"2011-10-12",1,223.92
16754.0,"2010-12-02",29,65500.07
16755.0,"2011-08-17",7,2864.68
16756.0,"2011-05-09",7,1312.37
16757.0,"2011-01-25",2,270.48
16758.0,"2011-10-05",1,369.34
16759.0,"2011-12-02",3,789.79
16760.0,"2010-10-05",1,228.00
16761.0,"2011-09-04",1,316.62
16762.0,"2011-11-20",3,1207.24
16763.0,"2011-05-25",2,964.70
16764.0,"2011-12-06",13,2790.95
16765.0,"2011-02-18",2,454.75
16766.0,"2011-03-11",2,1145.60
16767.0,"2011-11-09",15,8056.76
16768.0,"2011-10-23",9,1698.57
16769.0,"2011-03-24",4,1117.05
16770.0,"2011-10-13",9,1778.93
16771.0,"2011-11-06",10,3949.60
16772.0,"2010-10-12",3,3698.05
16773.0,"2011-10-13",3,421.24
16774.0,"2011-10-03",8,1567.48
16775.0,"2011-11-29",16,2820.84
16776.0,"2011-10-10",2,592.51
16777.0,"2011-09-20",5,1292.18
16778.0,"2011-09-26",2,245.94
16779.0,"2011-12-07",53,32809.03
16780.0,"2011-08-31",3,596.40
16781.0,"2010-12-02",2,623.00
16782.0,"2011-11-29",38,9636.12
16783.0,"2010-09-29",1,391.95
16784.0,"2011-11-20",5,892.33
16785.0,"2010-10-26",1,533.78
16786.0,"2010-11-11",1,51.84
16787.0,"2010-11-07",4,1017.53
16788.0,"2011-08-08",5,1928.93
16789.0,"2011-12-01",1,80.80
16790.0,"2011-12-06",6,1545.62
16791.0,"2011-11-10",15,3957.63
16792.0,"2011-03-02",5,623.46
16793.0,"2011-10-13",1,243.84
16794.0,"2011-12-08",15,2052.70
16795.0,"2010-12-09",3,2062.41
16796.0,"2011-09-11",1,305.62
16797.0,"2010-11-11",5,1802.02
16798.0,"2010-06-03",3,841.16
16799.0,"2010-10-03",2,452.78
16800.0,"2011-11-28",1,1162.65
16801.0,"2011-06-29",4,1594.23
16802.0,"2010-01-29",2,582.61
16803.0,"2011-10-05",1,332.30
16804.0,"2011-11-16",3,536.99
16805.0,"2011-06-19",5,1091.34
16806.0,"2011-08-28",4,762.16
16807.0,"2011-07-20",6,2123.88
16808.0,"2011-09-01",2,288.42
16809.0,"2011-11-16",9,1727.43
16810.0,"2011-05-31",2,842.04
16811.0,"2011-12-05",2,547.07
16812.0,"2010-12-14",4,2392.00
16813.0,"2011-12-01",10,1652.18
16814.0,"2011-11-25",36,11924.85
16815.0,"2010-09-12",2,406.02
16816.0,"2011-08-28",4,417.06
16817.0,"2011-12-07",13,2560.70
16818.0,"2011-11-29",11,3349.57
16819.0,"2010-08-31",2,182.59
16820.0,"2011-09-05",1,497.61
16821.0,"2010-11-23",1,113.35
16822.0,"2010-01-22",1,181.39
16823.0,"2011-04-26",7,2243.09
16824.0,"2011-11-24",3,686.24
16825.0,"2011-11-01",5,1826.89
16826.0,"2011-10-19",1,341.70
16827.0,"2010-11-11",5,392.13
16828.0,"2011-09-07",2,128.50
16829.0,"2011-07-06",2,513.32
16830.0,"2011-11-01",4,1207.50
16831.0,"2010-05-24",1,91.80
16832.0,"2011-06-08",5,417.61
16833.0,"2011-12-08",6,2409.04
16834.0,"2011-04-26",2,898.96
16835.0,"2011-08-03",6,1456.66
16836.0,"2011-10-31",4,782.37
16837.0,"2011-11-08",11,3170.98
16838.0,"2011-05-26",4,1159.61
16839.0,"2011-12-01",44,21758.25
16840.0,"2010-04-15",2,139.85
16841.0,"2011-11-03",12,4006.06
16842.0,"2011-08-31",3,1264.19
16843.0,"2011-10-28",35,19571.43
16844.0,"2010-05-26",2,614.34
16845.0,"2010-03-31",1,253.88
16846.0,"2011-10-20",3,842.41
16847.0,"2011-10-27",2,614.89
16848.0,"2011-10-18",4,1411.62
16849.0,"2011-06-06",1,124.57
16850.0,"2011-01-10",1,332.41
16851.0,"2011-12-05",3,342.45
16852.0,"2011-11-29",2,144.91
16854.0,"2010-10-18",2,1408.96
16855.0,"2011-11-16",2,328.40
16856.0,"2011-11-25",3,358.49
16857.0,"2010-09-23",1,352.80
16858.0,"2010-12-06",10,4292.59
16859.0,"2011-07-18",7,1932.41
16860.0,"2010-09-13",3,1610.62
16861.0,"2011-10-11",5,946.59
16862.0,"2010-06-10",4,662.33
16863.0,"2011-11-08",3,834.27
16864.0,"2010-10-01",2,409.25
16865.0,"2010-11-03",1,130.95
16866.0,"2011-07-22",3,207.74
16867.0,"2010-01-19",1,76.74
16868.0,"2010-11-10",3,384.56
16869.0,"2011-11-17",4,817.12
16870.0,"2010-08-27",1,450.16
16871.0,"2011-11-17",6,2812.34
16872.0,"2011-09-23",6,1213.13
16873.0,"2011-12-05",12,14617.39
16874.0,"2010-11-25",1,209.89
16875.0,"2011-10-03",11,4234.53
16876.0,"2010-11-01",1,136.01
16877.0,"2011-11-27",6,846.62
16878.0,"2011-09-16",1,13.30
16880.0,"2011-11-09",8,1813.21
16881.0,"2011-10-04",1,432.00
16882.0,"2011-10-04",3,705.12
16883.0,"2011-06-05",19,2246.06
16884.0,"2011-11-02",4,1070.97
16885.0,"2011-11-24",4,684.60
16886.0,"2010-09-09",1,134.00
16887.0,"2011-11-04",3,658.17
16888.0,"2010-11-04",3,434.20
16889.0,"2011-05-29",6,2526.65
16890.0,"2010-08-20",3,285.41
16891.0,"2011-12-08",11,1727.94
16892.0,"2011-12-08",7,754.75
16893.0,"2010-12-08",2,249.89
16894.0,"2010-07-25",3,1306.96
16895.0,"2011-10-06",5,1102.90
16896.0,"2010-06-02",1,103.95
16897.0,"2011-02-13",2,289.78
16898.0,"2011-11-13",5,885.21
16899.0,"2011-12-02",8,1695.77
16900.0,"2011-11-23",3,887.11
16901.0,"2009-12-10",1,204.26
16902.0,"2011-08-15",1,1706.88
16903.0,"2011-11-10",3,1041.75
16904.0,"2011-12-05",21,4675.36
16905.0,"2011-12-04",17,4706.77
16906.0,"2011-09-19",7,1410.92
16907.0,"2011-11-10",9,1470.89
16908.0,"2009-12-17",1,252.59
16909.0,"2011-09-28",1,379.14
16910.0,"2011-12-05",8,1508.96
16911.0,"2010-03-14",2,255.25
16912.0,"2011-11-11",15,4460.51
16913.0,"2011-02-22",3,423.91
16914.0,"2011-11-03",1,183.76
16915.0,"2011-11-30",11,1543.18
16916.0,"2011-11-16",4,902.02
16917.0,"2011-03-08",2,1851.88
16918.0,"2011-10-21",16,3206.54
16919.0,"2011-07-06",24,4909.66
16920.0,"2010-10-24",1,355.45
16921.0,"2011-10-09",3,409.21
16922.0,"2010-05-16",1,611.08
16923.0,"2011-11-27",32,13157.13
16924.0,"2011-11-18",3,829.89
16925.0,"2010-06-17",1,125.65
16926.0,"2010-12-03",5,1169.61
16927.0,"2011-08-16",3,543.05
16928.0,"2011-09-20",29,3897.53
16929.0,"2011-12-06",7,1295.39
16930.0,"2011-11-13",3,378.89
16931.0,"2011-12-04",23,5032.22
16932.0,"2011-10-17",3,412.55
16933.0,"2011-12-08",9,3099.30
16934.0,"2011-10-16",6,2083.14
16935.0,"2010-11-23",3,530.86
16936.0,"2011-11-14",2,548.29
16937.0,"2010-07-28",1,196.25
16938.0,"2011-12-01",9,6995.36
16939.0,"2010-08-08",3,433.85
16940.0,"2011-10-18",8,6427.66
16941.0,"2010-04-07",1,33.00
16942.0,"2011-11-27",9,1904.99
16943.0,"2011-05-12",5,1299.49
16944.0,"2010-04-09",1,101.36
16945.0,"2011-11-18",33,8548.16
16946.0,"2010-11-21",5,1222.04
16947.0,"2011-04-18",5,955.21
16948.0,"2011-07-24",7,868.77
16949.0,"2011-12-06",6,1286.27
16950.0,"2011-10-14",10,3541.77
16951.0,"2011-07-28",3,1277.75
16952.0,"2011-08-22",5,795.83
16953.0,"2011-11-09",1,20.80
16954.0,"2011-12-09",20,6081.88
16955.0,"2011-06-08",6,1120.31
16956.0,"2011-11-22",1,308.74
16957.0,"2011-04-14",2,416.64
16958.0,"2010-09-30",1,778.49
16959.0,"2011-09-13",1,117.35
16960.0,"2011-11-01",8,1990.88
16961.0,"2011-08-15",3,794.56
16962.0,"2010-10-26",1,251.04
16963.0,"2011-06-05",1,110.55
16964.0,"2009-12-06",2,207.85
16965.0,"2011-04-27",1,201.19
16966.0,"2011-12-01",7,2154.97
16967.0,"2011-06-03",1,319.02
16968.0,"2011-12-05",2,439.43
16969.0,"2011-10-31",3,650.41
16970.0,"2010-03-23",1,71.40
16971.0,"2011-11-01",1,357.21
16972.0,"2010-11-22",2,749.00
16973.0,"2010-11-18",1,127.00
16974.0,"2010-07-05",2,365.50
16975.0,"2010-10-12",3,926.12
16976.0,"2011-03-17",1,251.52
16977.0,"2010-11-09",4,496.00
16978.0,"2011-09-23",3,768.88
16979.0,"2011-12-06",9,2859.74
16980.0,"2011-03-29",3,1422.83
16982.0,"2011-10-10",1,384.06
16983.0,"2011-11-27",11,3490.53
16984.0,"2011-09-12",9,10350.53
16985.0,"2011-11-22",23,10923.16
16986.0,"2011-11-10",11,4888.75
16987.0,"2011-12-06",11,2521.40
16988.0,"2011-12-04",2,382.67
16989.0,"2011-12-02",6,1133.25
16990.0,"2011-05-05",2,344.00
16991.0,"2010-10-14",1,1041.21
16992.0,"2011-11-29",13,5476.50
16993.0,"2010-09-02",2,1950.95
16996.0,"2011-11-09",9,2123.61
16997.0,"2011-02-24",3,702.00
16998.0,"2011-07-13",5,402.00
16999.0,"2011-11-16",2,484.82
17000.0,"2010-11-08",2,406.30
17001.0,"2011-12-09",19,6640.80
17002.0,"2011-09-15",7,2571.55
17003.0,"2010-11-02",4,828.21
17004.0,"2011-10-24",4,2324.36
17005.0,"2010-08-26",2,622.36
17006.0,"2011-12-05",8,1635.27
17007.0,"2011-10-20",7,1120.10
17008.0,"2010-10-06",1,81.36
17009.0,"2010-06-06",1,242.06
17010.0,"2011-11-21",1,195.36
17011.0,"2011-11-09",3,671.70
17012.0,"2009-12-14",1,360.61
17014.0,"2011-12-01",3,583.43
17015.0,"2011-11-11",3,1838.61
17016.0,"2010-05-12",1,552.40
17017.0,"2011-12-07",29,12576.99
17018.0,"2011-10-30",6,2287.70
17019.0,"2011-11-28",11,3602.29
17020.0,"2010-06-15",2,935.62
17021.0,"2010-09-23",6,1182.22
17022.0,"2011-11-08",2,260.00
17023.0,"2010-10-18",3,800.18
17024.0,"2011-10-25",3,95.85
17025.0,"2011-10-10",5,1349.67
17026.0,"2011-06-07",3,175.83
17027.0,"2011-09-22",9,1310.63
17028.0,"2010-05-07",3,1593.83
17029.0,"2011-08-21",7,2137.30
17030.0,"2011-10-07",1,146.87
17031.0,"2011-11-28",6,2773.85
17032.0,"2010-06-10",8,2984.32
17033.0,"2011-09-14",4,1332.79
17034.0,"2011-11-23",5,1276.42
17035.0,"2011-04-08",4,613.59
17036.0,"2010-11-21",1,176.90
17037.0,"2011-09-13",1,1267.32
17038.0,"2011-11-09",2,743.17
17039.0,"2010-04-14",1,1954.99
17040.0,"2011-07-25",2,463.25
17041.0,"2011-11-13",6,1655.20
17042.0,"2011-12-07",5,1036.58
17043.0,"2011-11-07",8,2593.65
17044.0,"2011-11-14",12,11962.30
17045.0,"2011-08-18",5,827.68
17046.0,"2011-07-05",5,1906.07
17047.0,"2011-09-15",6,2289.23
17048.0,"2011-08-14",7,2071.68
17049.0,"2011-12-07",19,9942.53
17050.0,"2011-09-04",11,4648.59
17051.0,"2011-05-29",4,706.49
17052.0,"2011-11-11",1,399.09
17053.0,"2011-08-01",1,498.48
17054.0,"2011-11-11",5,1356.33
17055.0,"2010-09-20",1,232.85
17056.0,"2009-12-01",1,128.60
17057.0,"2010-04-22",1,294.74
17058.0,"2011-09-19",3,1179.89
17059.0,"2011-11-10",9,4864.57
17060.0,"2011-03-18",1,234.24
17061.0,"2011-09-27",11,5232.23
17062.0,"2011-01-30",6,889.75
17063.0,"2011-11-18",13,3638.53
17064.0,"2011-10-12",3,855.45
17065.0,"2010-03-12",2,194.70
17066.0,"2009-12-13",1,228.34
17067.0,"2009-12-15",3,454.54
17068.0,"2011-11-27",47,8987.68
17069.0,"2011-11-11",14,5517.23
17070.0,"2011-08-17",2,437.42
17071.0,"2011-11-11",13,3793.71
17072.0,"2010-03-24",1,273.35
17073.0,"2011-11-22",4,1446.09
17074.0,"2010-05-26",1,203.05
17075.0,"2011-11-22",10,2236.63
17076.0,"2011-11-03",6,1242.75
17077.0,"2010-05-10",1,306.00
17078.0,"2011-11-03",2,378.20
17079.0,"2011-09-22",1,118.80
17080.0,"2011-11-17",7,957.53
17081.0,"2011-11-14",6,949.39
17082.0,"2011-11-06",6,4732.03
17083.0,"2011-08-22",9,4049.79
17084.0,"2011-11-04",3,5001.21
17085.0,"2011-08-08",28,7847.67
17086.0,"2011-12-02",6,2050.08
17087.0,"2009-12-02",1,221.53
17088.0,"2011-11-11",4,1991.01
17089.0,"2010-11-18",1,128.45
17090.0,"2011-12-05",13,3080.18
17091.0,"2011-12-07",19,7495.75
17092.0,"2011-10-20",11,5511.41
17093.0,"2010-04-26",1,235.88
17094.0,"2011-01-21",2,402.20
17095.0,"2011-11-17",7,2572.25
17096.0,"2011-11-24",11,3697.93
17097.0,"2011-12-07",9,1143.36
17098.0,"2010-11-23",3,591.07
17099.0,"2010-06-24",1,582.17
17100.0,"2011-11-21",2,971.74
17101.0,"2011-11-29",7,2507.05
17102.0,"2011-03-23",1,25.50
17103.0,"2009-12-17",1,424.30
17104.0,"2010-10-12",1,474.03
17105.0,"2011-07-03",2,665.78
17106.0,"2010-11-15",1,481.58
17107.0,"2011-11-06",10,16052.72
17108.0,"2010-02-14",1,174.95
17109.0,"2011-11-10",8,1291.71
17110.0,"2011-06-27",3,499.90
17111.0,"2011-10-23",2,459.58
17112.0,"2010-07-25",1,197.57
17113.0,"2010-05-14",6,2305.59
17114.0,"2011-12-04",8,801.12
17115.0,"2011-12-01",7,2761.49
17116.0,"2010-03-01",1,389.78
17117.0,"2011-02-24",1,116.20
17118.0,"2011-01-26",1,157.02
17119.0,"2011-12-06",2,606.91
17120.0,"2011-04-20",1,307.46
17121.0,"2010-11-02",1,314.74
17122.0,"2011-08-12",4,570.50
17123.0,"2011-07-01",3,977.17
17124.0,"2011-06-07",1,294.24
17125.0,"2011-10-20",1,230.50
17126.0,"2011-07-10",9,2016.43
17127.0,"2010-10-07",5,1155.03
17128.0,"2011-01-09",1,157.09
17129.0,"2010-07-07",1,31.85
17131.0,"2011-12-04",5,2463.17
17132.0,"2010-09-13",2,1220.91
17133.0,"2011-11-24",12,14622.33
17134.0,"2011-08-25",3,625.30
17135.0,"2011-11-23",10,1722.18
17136.0,"2010-02-15",1,231.68
17137.0,"2010-10-19",6,1099.81
17138.0,"2011-03-09",7,4417.27
17139.0,"2011-11-24",25,19566.76
17140.0,"2011-04-06",1,454.12
17141.0,"2010-10-17",4,727.58
17142.0,"2011-04-14",4,1275.25
17143.0,"2010-10-18",2,880.97
17144.0,"2011-12-08",2,984.57
17145.0,"2010-07-15",4,3120.91
17146.0,"2011-08-26",13,5852.64
17147.0,"2011-11-17",9,3199.95
17148.0,"2011-10-19",1,124.88
17149.0,"2010-09-14",1,143.10
17150.0,"2010-11-28",6,1357.95
17151.0,"2009-12-04",1,231.90
17152.0,"2011-05-29",4,2016.50
17153.0,"2011-11-15",1,213.78
17154.0,"2011-09-25",1,329.34
17155.0,"2011-11-22",7,892.46
17156.0,"2010-08-05",1,591.87
17157.0,"2011-12-02",19,5151.90
17158.0,"2011-11-07",5,1980.00
17159.0,"2011-11-18",5,2099.59
17160.0,"2011-11-08",17,10209.16
17161.0,"2010-09-21",1,856.01
17162.0,"2011-11-11",10,1715.46
17163.0,"2011-11-18",4,699.78
17164.0,"2011-11-07",7,2467.35
17165.0,"2011-02-28",6,1794.32
17166.0,"2011-11-01",2,206.34
17167.0,"2010-11-25",3,867.11
17168.0,"2010-07-29",1,400.20
17169.0,"2011-10-13",3,1156.73
17170.0,"2010-11-30",2,178.68
17171.0,"2011-02-23",2,384.59
17172.0,"2011-09-22",3,956.57
17173.0,"2011-12-04",8,3766.60
17174.0,"2011-05-06",1,59.90
17175.0,"2011-10-26",4,1443.69
17176.0,"2011-05-22",3,902.32
17177.0,"2010-07-22",1,119.50
17178.0,"2009-12-08",1,432.96
17179.0,"2011-06-14",6,1507.26
17180.0,"2011-10-14",11,2236.77
17181.0,"2011-10-13",3,309.85
17182.0,"2010-10-13",2,321.30
17183.0,"2011-12-02",6,3347.31
17184.0,"2010-05-19",2,198.41
17185.0,"2010-04-27",3,229.46
17186.0,"2011-10-24",2,144.00
17187.0,"2011-04-27",2,467.71
17188.0,"2011-11-28",13,4592.93
17189.0,"2011-08-25",5,953.63
17190.0,"2011-10-12",7,1726.57
17191.0,"2011-11-11",15,4310.34
17192.0,"2010-06-21",1,75.28
17193.0,"2011-11-04",9,2310.04
17194.0,"2011-03-11",3,812.50
17195.0,"2010-02-22",1,562.98
17196.0,"2010-10-08",1,327.75
17197.0,"2011-11-10",1,1013.01
17198.0,"2011-11-16",3,692.22
17199.0,"2010-05-06",1,135.04
17200.0,"2010-11-17",4,356.71
17201.0,"2011-10-17",4,1143.10
17202.0,"2010-10-15",1,160.65
17203.0,"2011-11-04",10,5564.09
17204.0,"2011-06-17",9,5504.69
17205.0,"2011-10-17",3,999.35
17206.0,"2011-10-17",1,204.24
17207.0,"2010-02-25",1,292.62
17208.0,"2010-11-09",1,111.15
17209.0,"2010-02-28",3,595.70
17210.0,"2010-11-12",1,251.72
17211.0,"2011-11-13",13,3773.35
17212.0,"2011-03-31",3,794.41
17213.0,"2011-10-30",13,4869.40
17214.0,"2011-10-10",6,1059.12
17215.0,"2010-09-01",1,186.15
17216.0,"2010-06-03",1,63.60
17217.0,"2011-04-19",2,210.10
17218.0,"2011-12-05",18,3891.39
17219.0,"2011-11-08",2,259.13
17220.0,"2011-11-15",21,4457.31
17221.0,"2011-12-02",5,976.62
17222.0,"2011-10-05",6,1579.51
17223.0,"2011-02-02",3,558.04
17224.0,"2010-07-26",1,100.86
17225.0,"2010-05-07",1,131.15
17226.0,"2011-02-04",3,895.47
17227.0,"2011-11-21",12,1878.93
17228.0,"2011-11-24",13,2820.03
17229.0,"2011-09-04",2,318.76
17230.0,"2011-03-20",18,9388.49
17231.0,"2011-11-27",25,7064.80
17232.0,"2011-12-07",2,417.77
17233.0,"2011-11-04",3,560.86
17234.0,"2011-06-10",1,149.89
17235.0,"2011-11-14",8,1562.98
17236.0,"2011-11-27",12,1929.26
17237.0,"2011-11-28",4,994.13
17238.0,"2011-12-07",32,7331.67
17239.0,"2011-01-31",4,1189.45
17240.0,"2010-04-22",1,130.60
17241.0,"2010-11-19",12,2736.64
17242.0,"2011-08-23",5,2889.28
17243.0,"2011-12-08",69,20203.58
17244.0,"2011-10-17",5,1826.04
17245.0,"2011-05-19",2,371.63
17246.0,"2010-06-11",2,38.92
17247.0,"2011-11-24",1,280.09
17248.0,"2011-08-11",2,500.54
17249.0,"2010-10-07",1,68.03
17250.0,"2011-12-06",2,381.97
17251.0,"2010-12-12",3,798.98
17252.0,"2011-08-15",2,348.91
17253.0,"2011-11-21",1,178.26
17254.0,"2011-12-05",3,469.48
17255.0,"2011-10-30",4,781.70
17256.0,"2011-08-24",5,498.93
17257.0,"2010-09-29",2,189.78
17258.0,"2010-11-08",2,417.30
17259.0,"2011-07-14",6,1452.39
17260.0,"2010-10-24",1,120.95
17261.0,"2010-07-18",1,221.59
17262.0,"2011-10-18",11,2488.76
17263.0,"2011-05-15",1,63.44
17264.0,"2010-10-11",1,268.28
17265.0,"2011-07-24",2,550.01
17266.0,"2011-12-07",5,501.72
17267.0,"2011-08-04",2,317.20
17268.0,"2011-08-24",11,1733.89
17269.0,"2010-11-19",1,491.81
17270.0,"2010-08-27",2,601.45
17271.0,"2009-12-03",1,204.30
17272.0,"2011-10-28",4,2148.63
17273.0,"2010-10-11",1,141.12
17274.0,"2011-11-04",2,573.22
17275.0,"2010-11-21",1,114.10
17276.0,"2010-11-02",1,502.49
17277.0,"2011-04-26",2,1065.35
17278.0,"2011-04-12",2,271.24
17279.0,"2011-10-13",1,187.83
17280.0,"2010-09-27",1,118.86
17281.0,"2010-11-30",6,797.85
17282.0,"2011-08-01",5,2308.54
17283.0,"2010-11-26",1,188.46
17284.0,"2011-10-10",8,2788.06
17285.0,"2010-03-21",2,407.94
17286.0,"2011-11-18",3,389.18
17287.0,"2011-11-13",21,3826.86
17288.0,"2011-11-30",11,2468.43
17289.0,"2011-11-08",9,2041.80
17290.0,"2011-12-06",8,1487.96
17291.0,"2011-02-04",1,550.80
17292.0,"2010-08-24",2,271.75
17293.0,"2011-12-01",17,3750.63
17294.0,"2010-02-08",2,467.79
17295.0,"2011-11-11",3,547.00
17296.0,"2009-12-09",1,338.13
17297.0,"2011-11-22",1,128.18
17298.0,"2011-08-30",5,954.26
17299.0,"2011-11-28",6,993.23
17300.0,"2010-11-14",2,393.64
17301.0,"2011-11-18",2,294.39
17302.0,"2011-11-25",5,1135.63
17303.0,"2010-12-13",1,250.04
17304.0,"2010-06-23",1,111.50
17305.0,"2010-03-01",1,2135.46
17306.0,"2011-11-29",21,9782.35
17307.0,"2010-11-09",11,3999.89
17308.0,"2010-11-11",2,4511.76
17309.0,"2011-09-05",3,320.39
17310.0,"2010-11-17",2,1025.10
17311.0,"2011-09-22",6,3566.56
17312.0,"2011-07-24",3,644.30
17313.0,"2011-11-08",1,2328.84
17314.0,"2011-11-15",17,4904.43
17315.0,"2011-12-08",43,9599.58
17316.0,"2010-10-15",1,124.45
17317.0,"2011-10-24",3,2600.34
17318.0,"2009-12-14",1,157.33
17319.0,"2010-02-08",1,29.10
17320.0,"2011-08-31",6,2444.85
17321.0,"2011-12-01",6,1665.21
17322.0,"2010-11-28",5,922.59
17323.0,"2011-11-24",12,1551.04
17324.0,"2011-11-22",12,2171.07
17325.0,"2011-03-04",3,609.57
17326.0,"2010-10-27",2,312.35
17327.0,"2010-10-26",2,152.35
17328.0,"2010-02-04",1,104.70
17329.0,"2011-11-25",5,998.53
17330.0,"2011-11-17",4,423.80
17331.0,"2011-08-08",1,175.20
17332.0,"2010-06-29",5,838.27
17333.0,"2011-09-15",1,494.25
17334.0,"2011-02-10",3,635.15
17335.0,"2010-11-21",2,497.04
17336.0,"2010-08-24",1,81.12
17337.0,"2011-07-11",4,1981.06
17338.0,"2011-11-22",17,11889.33
17339.0,"2011-09-06",3,302.36
17340.0,"2011-11-10",18,19617.95
17341.0,"2011-07-06",5,1272.21
17342.0,"2010-11-25",4,1227.54
17343.0,"2010-12-19",6,1259.94
17344.0,"2011-10-24",2,457.36
17345.0,"2011-11-24",10,1586.63
17346.0,"2011-12-06",26,4998.61
17347.0,"2011-09-14",1,228.96
17348.0,"2011-11-25",9,2442.29
17349.0,"2011-06-13",5,772.41
17350.0,"2011-12-01",7,1893.70
17351.0,"2011-11-03",12,1988.23
17352.0,"2010-01-12",1,36.25
17353.0,"2011-08-02",4,3242.00
17354.0,"2011-10-20",4,3133.96
17355.0,"2010-11-18",1,273.31
17356.0,"2011-02-01",5,946.47
17357.0,"2011-11-15",2,384.39
17358.0,"2011-02-09",5,861.01
17359.0,"2011-11-28",2,284.46
17360.0,"2011-11-22",6,1200.51
17361.0,"2011-10-21",5,871.79
17362.0,"2011-04-14",7,1024.04
17363.0,"2010-11-09",3,920.46
17364.0,"2011-12-09",28,11972.92
17365.0,"2011-11-27",15,8184.49
17366.0,"2010-10-03",2,1077.24
17367.0,"2011-04-15",1,167.55
17368.0,"2011-11-16",14,2758.29
17369.0,"2010-09-10",1,979.20
17370.0,"2011-09-28",4,446.18
17371.0,"2011-11-22",6,655.37
17372.0,"2011-10-30",28,4347.31
17373.0,"2011-10-30",7,1167.50
17374.0,"2011-05-05",3,727.11
17375.0,"2011-05-24",4,660.55
17376.0,"2011-09-30",4,453.64
17377.0,"2011-11-16",78,17644.27
17378.0,"2010-11-30",1,10.95
17379.0,"2011-11-28",1,389.72
17380.0,"2010-10-01",3,645.00
17381.0,"2011-12-01",38,36398.65
17382.0,"2011-10-05",8,902.28
17383.0,"2011-12-05",2,304.09
17384.0,"2011-11-20",3,507.55
17385.0,"2011-11-25",1,256.11
17386.0,"2011-12-02",7,2812.77
17387.0,"2011-11-20",2,746.81
17388.0,"2011-09-23",11,2675.37
17389.0,"2011-12-09",61,57215.33
17390.0,"2010-10-15",1,149.30
17391.0,"2011-06-29",2,508.80
17392.0,"2011-02-06",3,585.92
17393.0,"2010-10-25",2,381.15
17394.0,"2011-05-04",1,203.87
17395.0,"2010-07-19",1,97.50
17396.0,"2011-10-31",14,8409.60
17397.0,"2011-11-17",3,1198.28
17398.0,"2011-08-17",3,653.38
17400.0,"2011-08-05",8,4623.28
17401.0,"2010-06-16",1,114.85
17402.0,"2011-12-05",23,4635.56
17403.0,"2011-11-03",2,382.87
17404.0,"2011-12-05",23,47781.12
17405.0,"2011-12-08",3,1031.41
17406.0,"2011-01-10",13,4186.95
17407.0,"2010-10-24",1,552.90
17408.0,"2011-06-29",3,316.09
17409.0,"2011-06-08",10,7793.51
17410.0,"2011-11-23",5,1214.72
17411.0,"2011-11-27",5,1425.38
17412.0,"2011-12-07",16,4220.22
17413.0,"2010-10-31",2,560.14
17414.0,"2011-10-27",6,2249.52
17415.0,"2011-09-21",1,507.84
17416.0,"2011-11-10",22,17298.45
17417.0,"2010-06-09",1,164.18
17418.0,"2011-10-28",3,670.06
17419.0,"2011-11-28",18,6126.25
17420.0,"2011-10-20",6,953.58
17421.0,"2010-11-18",3,1059.41
17422.0,"2011-11-23",11,3594.76
17423.0,"2011-10-24",3,1118.95
17425.0,"2011-11-20",2,759.17
17426.0,"2011-12-01",13,8077.77
17427.0,"2011-09-29",1,100.80
17428.0,"2011-12-09",45,31466.76
17429.0,"2011-08-03",5,1357.46
17430.0,"2011-11-07",4,622.57
17431.0,"2011-01-30",1,403.30
17432.0,"2011-11-21",9,1728.99
17433.0,"2011-09-12",2,569.96
17434.0,"2011-12-07",7,2373.82
17435.0,"2010-10-24",1,331.35
17436.0,"2011-12-08",5,534.06
17437.0,"2010-06-28",1,369.68
17438.0,"2011-03-31",5,1422.77
17439.0,"2010-02-22",1,325.74
17440.0,"2011-07-06",4,323.58
17441.0,"2009-12-07",1,293.35
17442.0,"2011-11-03",15,4620.30
17443.0,"2011-05-04",1,534.24
17444.0,"2011-07-15",3,2940.04
17446.0,"2011-06-16",2,120.90
17447.0,"2011-10-30",2,541.53
17448.0,"2010-07-30",46,14523.67
17449.0,"2011-12-07",13,4868.15
17450.0,"2011-12-01",51,244784.25
17451.0,"2011-12-08",7,1721.40
17453.0,"2011-11-22",2,486.72
17454.0,"2011-05-31",10,1547.94
17455.0,"2011-05-20",1,131.70
17456.0,"2010-12-09",2,975.56
17457.0,"2011-08-05",14,5984.81
17458.0,"2011-11-24",2,529.58
17459.0,"2011-10-27",2,657.30
17460.0,"2011-09-06",16,2157.97
17461.0,"2011-11-17",3,735.82
17462.0,"2011-10-10",2,675.69
17463.0,"2011-11-23",7,2535.26
17464.0,"2011-07-04",3,907.14
17465.0,"2010-10-10",7,2542.79
17466.0,"2011-11-29",2,763.28
17467.0,"2010-11-09",1,102.60
17468.0,"2011-11-29",3,194.80
17469.0,"2011-11-23",17,5051.25
17470.0,"2011-10-26",11,2626.47
17471.0,"2010-08-22",1,321.65
17472.0,"2011-06-01",4,922.35
17473.0,"2010-10-27",2,607.00
17474.0,"2010-04-19",1,1047.00
17475.0,"2011-09-21",1,194.37
17476.0,"2010-11-09",2,489.86
17477.0,"2010-04-06",2,1144.30
17478.0,"2010-10-27",2,1272.80
17479.0,"2010-03-17",1,389.26
17480.0,"2011-09-23",2,882.23
17481.0,"2011-12-06",4,1255.59
17482.0,"2010-08-09",2,775.64
17483.0,"2011-10-05",4,591.73
17484.0,"2010-05-12",2,209.57
17486.0,"2011-03-23",1,396.87
17487.0,"2009-12-11",1,160.55
17488.0,"2010-03-08",1,336.50
17489.0,"2011-10-12",2,376.64
17490.0,"2011-12-09",9,2750.50
17491.0,"2011-12-08",17,5653.67
17492.0,"2011-04-05",3,1122.42
17493.0,"2010-11-19",1,100.91
17494.0,"2010-07-26",1,54.70
17495.0,"2011-12-02",3,806.72
17496.0,"2010-12-16",4,1412.89
17497.0,"2010-11-14",2,287.25
17498.0,"2011-09-25",1,272.22
17499.0,"2011-02-23",2,1341.39
17500.0,"2011-11-22",3,1138.00
17501.0,"2011-05-03",2,288.60
17502.0,"2011-11-30",4,689.10
17503.0,"2011-12-07",2,558.96
17504.0,"2011-05-17",18,9490.17
17505.0,"2011-07-01",5,2435.48
17506.0,"2011-09-25",1,302.20
17507.0,"2011-03-23",2,605.58
17508.0,"2011-03-04",8,4579.23
17509.0,"2011-10-13",8,6083.64
17510.0,"2011-11-15",2,514.56
17511.0,"2011-12-07",60,172132.87
17512.0,"2011-11-11",18,5467.82
17513.0,"2011-09-28",3,1158.80
17514.0,"2011-08-03",2,522.00
17515.0,"2011-11-08",9,1602.51
17516.0,"2011-11-24",6,947.50
17517.0,"2011-02-04",1,153.94
17518.0,"2010-10-10",2,329.42
17519.0,"2011-11-22",15,4774.17
17520.0,"2011-10-17",1,546.81
17521.0,"2011-11-10",5,1278.06
17522.0,"2011-12-08",5,1070.71
17523.0,"2011-11-28",4,652.74
17524.0,"2010-12-13",3,539.14
17525.0,"2010-12-15",3,1161.90
17526.0,"2011-12-05",12,3939.24
17527.0,"2011-10-17",4,939.37
17528.0,"2011-12-08",8,3628.50
17529.0,"2010-04-08",2,1240.25
17530.0,"2011-12-08",12,2791.69
17531.0,"2011-06-02",3,1266.82
17532.0,"2010-11-19",1,65.34
17533.0,"2010-10-01",1,34.80
17534.0,"2011-10-17",5,1668.83
17535.0,"2011-03-04",1,164.40
17536.0,"2011-06-15",3,364.83
17537.0,"2011-11-10",2,887.67
17538.0,"2011-11-14",1,98.42
17539.0,"2010-04-01",4,1176.84
17540.0,"2011-11-15",6,1590.60
17541.0,"2010-07-18",1,119.86
17542.0,"2011-03-15",3,340.85
17543.0,"2010-06-08",1,120.05
17544.0,"2010-11-14",3,944.82
17545.0,"2011-10-27",6,1409.86
17547.0,"2010-11-29",2,727.85
17548.0,"2011-04-20",4,731.26
17549.0,"2011-11-16",2,148.86
17550.0,"2011-05-26",9,2506.64
17551.0,"2010-12-15",1,290.34
17552.0,"2011-10-10",12,2786.77
17553.0,"2011-08-02",4,3757.60
17554.0,"2011-12-08",5,1952.45
17555.0,"2011-11-20",5,1045.74
17556.0,"2011-05-18",2,300.67
17557.0,"2011-11-25",4,575.46
17558.0,"2010-11-11",1,259.17
17559.0,"2010-07-15",1,167.62
17560.0,"2011-09-06",8,1895.80
17561.0,"2011-11-20",4,703.02
17562.0,"2011-11-25",7,1122.38
17563.0,"2010-05-10",2,392.38
17564.0,"2011-11-15",3,454.01
17565.0,"2010-05-02",1,131.83
17566.0,"2011-12-01",2,869.77
17567.0,"2011-12-02",9,4838.08
17568.0,"2010-03-16",1,374.45
17569.0,"2011-01-11",1,344.14
17570.0,"2010-11-23",1,100.00
17571.0,"2011-10-20",5,1630.91
17572.0,"2011-09-29",10,652.21
17573.0,"2011-11-10",3,380.60
17574.0,"2011-04-11",1,185.65
17575.0,"2010-02-10",1,171.70
17576.0,"2011-12-01",41,8711.95
17577.0,"2010-03-04",2,348.75
17578.0,"2011-05-05",7,1047.33
17579.0,"2011-12-05",4,753.28
17580.0,"2011-04-01",5,541.02
17581.0,"2011-12-09",43,17951.17
17582.0,"2011-04-17",5,1446.95
17583.0,"2010-05-28",1,135.95
17584.0,"2011-12-02",6,5309.42
17585.0,"2011-08-22",7,2064.71
17586.0,"2010-03-30",1,167.40
17587.0,"2010-03-21",1,176.71
17588.0,"2011-08-31",7,2939.55
17589.0,"2011-10-10",18,13837.94
17590.0,"2011-12-07",3,1468.02
17591.0,"2011-09-27",8,2339.32
17592.0,"2009-12-01",1,148.30
17593.0,"2011-12-06",11,8092.32
17594.0,"2011-09-15",4,2497.88
17595.0,"2011-11-27",2,386.69
17596.0,"2011-11-16",13,4491.46
17597.0,"2011-05-10",5,3484.09
17598.0,"2010-11-23",1,409.98
17599.0,"2010-08-19",1,52.05
17600.0,"2011-11-22",1,161.67
17601.0,"2011-04-14",2,413.08
17602.0,"2011-12-07",14,7354.43
17603.0,"2011-09-22",4,1788.38
17604.0,"2011-05-06",6,942.38
17605.0,"2010-04-28",1,160.75
17606.0,"2009-12-02",1,87.30
17607.0,"2010-11-28",1,333.81
17608.0,"2011-11-06",4,488.06
17609.0,"2011-10-30",11,1887.90
17610.0,"2010-06-17",5,1511.94
17611.0,"2011-12-02",28,8337.53
17612.0,"2011-10-17",18,5394.86
17613.0,"2011-11-17",14,4544.55
17614.0,"2011-10-13",1,386.32
17615.0,"2011-08-01",6,721.80
17616.0,"2011-06-19",4,734.40
17617.0,"2010-05-30",1,385.19
17618.0,"2011-12-04",11,4001.64
17619.0,"2011-01-31",1,214.37
17620.0,"2011-10-11",1,81.44
17621.0,"2011-11-18",6,3175.12
17622.0,"2010-04-21",2,1130.21
17623.0,"2011-11-07",7,2365.77
17624.0,"2011-11-25",4,1568.63
17625.0,"2011-11-21",8,5978.90
17626.0,"2010-04-16",1,254.00
17627.0,"2010-08-18",1,296.36
17628.0,"2011-09-19",1,75.75
17629.0,"2011-12-04",10,2455.52
17630.0,"2011-06-23",2,503.60
17631.0,"2011-12-08",7,998.49
17633.0,"2011-11-08",7,2057.39
17634.0,"2011-11-03",9,2358.59
17635.0,"2010-10-11",3,1265.58
17636.0,"2011-11-20",1,285.56
17637.0,"2011-11-08",2,547.06
17638.0,"2010-03-02",2,842.40
17639.0,"2011-03-08",6,615.17
17640.0,"2011-09-14",6,3168.94
17642.0,"2011-08-12",5,1824.49
17643.0,"2010-12-01",2,439.70
17644.0,"2011-12-08",20,6028.60
17646.0,"2011-05-04",12,3898.79
17647.0,"2011-10-05",3,331.66
17648.0,"2011-10-10",5,2216.37
17649.0,"2011-07-24",3,1578.89
17650.0,"2011-11-18",1,166.08
17651.0,"2011-11-28",16,5703.52
17652.0,"2011-11-14",12,4867.72
17653.0,"2011-11-03",4,1207.56
17654.0,"2011-03-07",1,117.55
17655.0,"2011-11-29",9,2976.38
17656.0,"2011-09-27",5,1674.69
17657.0,"2010-10-05",1,126.00
17658.0,"2011-11-14",2,595.42
17659.0,"2011-11-22",14,3586.99
17660.0,"2011-07-21",2,342.22
17662.0,"2010-02-16",2,412.92
17663.0,"2011-11-14",17,5175.83
17664.0,"2011-11-21",4,1166.23
17665.0,"2010-08-03",1,563.10
17666.0,"2011-12-06",5,2047.80
17667.0,"2011-10-04",9,3950.70
17668.0,"2011-12-08",2,347.75
17669.0,"2011-10-28",10,6142.35
17670.0,"2011-04-26",1,205.70
17671.0,"2011-11-24",5,2009.16
17672.0,"2011-10-20",7,5778.63
17673.0,"2011-12-08",13,4173.88
17674.0,"2011-09-26",2,551.04
17675.0,"2011-12-08",70,37642.48
17676.0,"2011-12-05",10,2448.64
17677.0,"2011-12-08",54,35058.46
17678.0,"2011-03-21",2,599.76
17679.0,"2011-10-18",7,3577.61
17680.0,"2011-11-16",3,497.45
17681.0,"2010-04-21",5,731.20
17682.0,"2011-11-29",11,4065.28
17683.0,"2010-11-19",3,819.01
17684.0,"2011-10-27",1,239.41
17685.0,"2011-11-23",12,5454.95
17686.0,"2011-12-02",9,8296.81
17687.0,"2010-10-15",1,432.68
17688.0,"2010-11-11",1,304.20
17689.0,"2010-11-16",2,317.08
17690.0,"2011-11-09",20,6963.80
17691.0,"2010-12-16",4,637.55
17692.0,"2011-08-04",12,2975.80
17693.0,"2011-07-25",1,200.47
17694.0,"2011-07-21",3,1695.97
17695.0,"2011-07-31",5,1746.04
17696.0,"2011-11-01",27,7679.59
17697.0,"2011-04-17",1,338.95
17698.0,"2011-03-24",1,154.95
17699.0,"2010-08-20",2,442.00
17700.0,"2011-11-23",14,6679.97
17701.0,"2011-04-01",1,417.95
17702.0,"2011-11-09",6,3144.04
17703.0,"2011-11-04",4,1094.84
17704.0,"2011-06-24",2,885.19
17705.0,"2011-12-06",11,2083.90
17706.0,"2011-12-05",31,20272.15
17707.0,"2011-06-07",8,609.30
17708.0,"2011-06-05",4,884.18
17709.0,"2011-06-23",5,671.01
17710.0,"2010-10-12",1,293.50
17711.0,"2011-11-29",2,385.10
17712.0,"2011-10-26",1,522.91
17713.0,"2010-11-22",4,1198.09
17714.0,"2011-01-23",5,1410.18
17715.0,"2011-05-23",2,489.60
17716.0,"2011-11-17",24,15956.97
17717.0,"2010-10-14",1,376.92
17718.0,"2011-04-21",2,439.18
17719.0,"2011-11-02",15,5396.04
17720.0,"2011-11-13",10,2666.91
17721.0,"2010-02-18",1,307.21
17722.0,"2011-09-04",5,3520.22
17723.0,"2011-08-04",7,3378.40
17724.0,"2011-09-29",3,1033.00
17725.0,"2011-11-23",11,3439.08
17726.0,"2010-11-09",7,1092.06
17727.0,"2011-11-24",1,1060.25
17728.0,"2011-12-06",5,4238.76
17729.0,"2010-04-22",1,438.65
17730.0,"2011-12-06",20,7773.80
17731.0,"2011-09-21",6,1708.99
17732.0,"2010-12-02",8,2166.42
17733.0,"2011-11-01",2,692.19
17734.0,"2011-10-17",6,1442.32
17735.0,"2011-12-07",26,16790.33
17736.0,"2011-11-30",3,377.44
17737.0,"2011-11-30",2,168.24
17738.0,"2011-11-20",13,4183.56
17739.0,"2011-11-28",18,7730.59
17740.0,"2010-11-15",6,426.90
17741.0,"2010-10-29",2,101.10
17742.0,"2011-08-18",11,2098.48
17743.0,"2010-09-17",1,229.20
17744.0,"2011-12-06",7,2649.14
17745.0,"2010-08-19",2,600.34
17746.0,"2011-04-13",4,904.18
17747.0,"2011-08-19",1,71.40
17748.0,"2010-06-30",1,358.15
17749.0,"2011-06-14",3,1026.18
17750.0,"2011-12-04",9,1710.45
17751.0,"2010-10-14",1,157.86
17752.0,"2010-12-15",1,80.64
17753.0,"2010-09-01",4,382.06
17754.0,"2011-12-09",13,4451.22
17756.0,"2010-11-29",3,728.75
17757.0,"2011-12-08",56,9074.05
17758.0,"2011-11-20",12,4964.03
17759.0,"2011-11-22",5,1261.88
17760.0,"2011-11-18",6,746.39
17761.0,"2011-11-07",1,712.78
17762.0,"2010-09-09",1,129.75
17763.0,"2011-03-21",4,86.15
17764.0,"2011-10-20",5,1513.57
17765.0,"2011-07-04",4,524.00
17766.0,"2010-11-23",2,299.61
17767.0,"2011-11-24",2,413.05
17768.0,"2011-12-01",7,3292.73
17769.0,"2011-11-27",17,7053.38
17770.0,"2011-05-25",5,1143.27
17771.0,"2011-10-14",4,387.41
17772.0,"2011-11-29",3,360.75
17773.0,"2010-07-13",2,575.37
17774.0,"2011-09-04",9,3273.83
17775.0,"2011-03-30",1,56.40
17776.0,"2010-11-18",2,330.56
17777.0,"2011-11-15",3,647.56
17778.0,"2010-02-16",1,197.70
17779.0,"2011-11-18",3,650.32
17780.0,"2010-02-10",3,346.56
17781.0,"2011-07-03",2,188.02
17782.0,"2010-11-22",2,679.02
17783.0,"2011-09-28",3,376.96
17784.0,"2010-06-07",1,112.86
17785.0,"2011-10-17",3,403.38
17786.0,"2011-09-15",2,266.85
17787.0,"2011-07-10",4,1817.54
17788.0,"2011-09-27",2,1117.90
17789.0,"2011-03-03",2,397.15
17790.0,"2011-11-13",20,2779.41
17791.0,"2011-11-10",1,106.10
17792.0,"2010-08-29",2,368.35
17793.0,"2011-11-14",1,300.34
17794.0,"2010-01-22",2,147.30
17795.0,"2011-06-13",2,342.83
17796.0,"2011-10-30",7,1236.39
17797.0,"2011-11-17",8,1971.87
17798.0,"2010-05-07",1,178.07
17799.0,"2011-11-17",20,6246.93
17800.0,"2011-11-02",9,1187.21
17801.0,"2010-09-14",3,770.03
17802.0,"2011-09-18",10,4946.22
17803.0,"2010-11-12",1,184.66
17804.0,"2010-11-28",3,383.78
17805.0,"2011-09-27",2,927.03
17806.0,"2011-11-28",1,546.04
17807.0,"2010-11-09",3,437.87
17808.0,"2010-06-09",4,262.64
17809.0,"2011-11-23",20,10085.89
17810.0,"2010-02-09",2,373.16
17811.0,"2011-12-05",47,9519.80
17812.0,"2011-11-27",7,911.99
17813.0,"2011-11-25",5,1698.07
17814.0,"2010-11-29",2,1609.37
17815.0,"2010-11-11",1,591.96
17816.0,"2011-11-03",6,96.11
17817.0,"2011-12-05",6,788.15
17818.0,"2009-12-02",1,124.78
17819.0,"2011-09-29",12,6021.05
17820.0,"2010-11-30",1,180.61
17821.0,"2010-10-29",1,334.62
17822.0,"2010-10-15",5,2162.93
17823.0,"2010-10-14",2,449.25
17824.0,"2011-10-19",1,298.40
17825.0,"2010-04-20",4,701.96
17826.0,"2010-11-30",1,133.34
17827.0,"2011-12-04",6,2376.17
17828.0,"2011-11-17",4,1820.09
17829.0,"2011-02-14",5,4756.74
17830.0,"2011-12-08",3,398.70
17831.0,"2011-11-06",1,35.40
17832.0,"2011-10-21",1,155.37
17833.0,"2009-12-16",1,338.46
17834.0,"2010-10-21",2,689.67
17835.0,"2011-12-07",3,342.24
17836.0,"2011-10-23",1,110.21
17837.0,"2011-10-28",8,1541.23
17838.0,"2011-11-13",13,5604.64
17839.0,"2011-10-28",1,318.15
17840.0,"2010-09-22",1,175.90
17841.0,"2011-12-08",211,68545.25
17842.0,"2010-04-16",1,430.69
17843.0,"2011-02-09",2,320.40
17844.0,"2011-08-25",1,51.56
17845.0,"2010-06-02",4,596.09
17846.0,"2011-09-15",1,2033.10
17847.0,"2010-07-12",2,129.69
17848.0,"2011-09-19",30,3559.11
17849.0,"2011-05-05",8,1063.76
17850.0,"2010-12-02",155,51208.87
17851.0,"2010-10-13",6,1552.35
17852.0,"2011-11-28",5,657.81
17853.0,"2010-10-28",3,1596.29
17854.0,"2011-06-07",6,1068.50
17855.0,"2010-12-02",1,208.97
17856.0,"2011-12-08",4,1418.03
17857.0,"2011-12-05",24,27347.04
17858.0,"2011-12-04",30,12518.65
17859.0,"2011-02-08",1,141.92
17860.0,"2010-12-06",4,717.39
17861.0,"2011-12-06",18,5088.29
17862.0,"2011-01-20",4,1254.89
17863.0,"2011-10-11",12,5360.48
17864.0,"2011-11-27",5,876.57
17865.0,"2011-11-09",46,26312.19
17866.0,"2011-07-20",3,1134.95
17867.0,"2011-11-09",15,1582.05
17868.0,"2010-11-18",1,227.15
17869.0,"2011-08-24",7,813.64
17870.0,"2011-12-07",13,2753.29
17871.0,"2011-05-19",5,1068.95
17872.0,"2010-11-23",1,235.87
17873.0,"2011-09-20",18,6265.33
17874.0,"2011-06-07",6,683.46
17875.0,"2010-01-20",1,167.10
17876.0,"2010-11-05",3,3424.02
17877.0,"2011-06-22",1,237.61
17878.0,"2011-10-27",3,1378.93
17879.0,"2011-06-19",1,178.52
17880.0,"2010-12-10",3,824.92
17881.0,"2011-02-08",1,133.35
17882.0,"2010-11-25",2,291.56
17883.0,"2011-12-06",7,988.42
17884.0,"2011-12-06",20,2698.47
17885.0,"2011-11-27",1,156.34
17886.0,"2011-11-08",6,1572.55
17887.0,"2011-08-02",1,111.35
17888.0,"2011-11-18",25,1807.44
17889.0,"2011-05-11",7,746.42
17890.0,"2011-01-21",2,586.89
17891.0,"2011-06-30",1,203.86
17892.0,"2011-10-14",3,244.10
17893.0,"2011-04-28",1,107.21
17894.0,"2011-09-29",18,2304.58
17895.0,"2011-10-26",1,95.45
17896.0,"2011-11-16",1,256.32
17897.0,"2011-06-20",9,2099.89
17898.0,"2011-09-15",4,299.18
17899.0,"2011-07-03",1,154.55
17900.0,"2011-06-02",2,112.20
17901.0,"2011-11-10",3,260.08
17902.0,"2010-06-11",1,216.40
17903.0,"2010-11-10",1,381.09
17904.0,"2011-11-18",1,181.07
17905.0,"2011-09-29",13,2178.87
17906.0,"2011-04-06",1,72.90
17907.0,"2010-03-09",1,291.76
17908.0,"2010-12-01",5,1142.47
17909.0,"2009-12-02",1,110.05
17910.0,"2009-12-13",1,261.70
17911.0,"2011-11-30",1,366.23
17912.0,"2011-02-02",6,374.55
17913.0,"2011-10-12",14,3429.29
17914.0,"2011-12-06",1,329.36
17915.0,"2010-06-06",1,225.78
17916.0,"2010-03-21",2,43.87
17917.0,"2011-10-25",3,335.03
17918.0,"2010-07-27",3,396.39
17919.0,"2011-09-12",2,1840.32
17920.0,"2011-12-05",54,23581.78
17921.0,"2011-10-06",10,2394.36
17922.0,"2010-06-14",1,170.40
17923.0,"2011-03-02",3,497.00
17924.0,"2011-11-28",8,3257.70
17925.0,"2010-12-02",1,244.08
17926.0,"2011-07-29",5,1035.49
17927.0,"2009-12-18",1,294.00
17928.0,"2011-10-25",3,341.24
17929.0,"2011-11-28",12,3082.10
17930.0,"2011-11-04",13,4275.22
17931.0,"2011-07-28",14,3402.24
17932.0,"2011-11-10",3,1331.57
17933.0,"2010-03-17",1,114.69
17934.0,"2011-10-19",3,1049.15
17935.0,"2011-07-24",7,686.14
17936.0,"2011-12-04",1,380.13
17937.0,"2011-12-01",7,4301.22
17938.0,"2010-10-15",1,144.29
17939.0,"2011-07-03",1,99.14
17940.0,"2011-10-21",16,30306.79
17941.0,"2011-08-01",4,1433.28
17942.0,"2011-12-02",1,77.50
17944.0,"2010-10-12",1,74.99
17945.0,"2010-01-12",3,360.35
17946.0,"2011-04-20",2,149.58
17947.0,"2011-11-02",1,176.68
17948.0,"2011-07-15",1,358.56
17949.0,"2011-12-08",118,117314.08
17950.0,"2011-09-28",7,1166.29
17951.0,"2011-10-31",4,1340.58
17952.0,"2010-11-26",4,788.46
17953.0,"2010-06-17",1,159.17
17954.0,"2011-12-04",19,3804.38
17955.0,"2011-05-25",6,949.90
17956.0,"2011-04-04",1,12.75
17957.0,"2011-10-04",1,111.68
17958.0,"2011-08-15",2,973.88
17959.0,"2010-04-26",1,140.75
17960.0,"2011-06-21",3,135.08
17961.0,"2011-11-18",100,2866.74
17962.0,"2011-07-20",4,666.96
17963.0,"2010-08-25",4,643.16
17964.0,"2011-11-08",2,463.21
17965.0,"2011-11-02",29,7006.65
17966.0,"2011-11-02",10,1963.92
17967.0,"2010-12-03",2,223.42
17968.0,"2010-12-01",4,590.44
17969.0,"2011-06-26",20,2354.29
17970.0,"2011-05-12",1,562.79
17971.0,"2010-06-09",1,161.94
17972.0,"2011-04-12",1,135.19
17973.0,"2011-10-19",1,337.04
17974.0,"2011-11-15",6,1739.09
17975.0,"2011-11-24",24,6696.33
17976.0,"2010-12-02",1,321.79
17977.0,"2011-11-10",2,1511.45
17978.0,"2010-12-09",4,1159.99
17979.0,"2011-11-04",4,732.41
17980.0,"2011-06-27",4,1012.72
17981.0,"2010-10-25",1,239.12
17982.0,"2010-01-28",1,138.18
17983.0,"2010-11-09",1,171.71
17984.0,"2011-07-17",5,1152.19
17985.0,"2011-11-17",1,631.35
17986.0,"2011-10-14",1,20.80
17987.0,"2011-06-07",5,965.44
17988.0,"2011-11-28",14,489.54
17989.0,"2010-11-25",1,207.33
17990.0,"2011-04-17",6,1527.61
17991.0,"2011-04-28",3,300.30
17992.0,"2010-11-15",1,252.88
17993.0,"2010-04-01",1,225.99
17994.0,"2011-08-10",11,2270.03
17995.0,"2011-03-03",3,495.48
17996.0,"2010-11-25",3,482.33
17997.0,"2011-09-26",8,1962.46
17998.0,"2010-11-24",3,639.24
17999.0,"2011-11-02",3,528.46
18000.0,"2010-05-24",1,124.25
18001.0,"2011-11-27",6,924.14
18002.0,"2010-11-29",4,244.37
18003.0,"2010-11-28",1,353.51
18004.0,"2010-12-12",1,157.92
18005.0,"2011-12-06",2,226.47
18006.0,"2011-11-16",4,969.51
18007.0,"2010-11-12",1,215.22
18008.0,"2011-09-30",23,19759.08
18009.0,"2011-04-18",8,2144.23
18010.0,"2011-03-28",1,174.80
18011.0,"2010-12-01",2,410.79
18012.0,"2009-12-16",1,115.30
18013.0,"2011-07-07",2,187.29
18014.0,"2011-11-11",1,162.22
18015.0,"2011-12-05",1,120.03
18016.0,"2011-11-07",7,1954.56
18017.0,"2011-09-19",4,688.00
18018.0,"2011-08-23",4,297.99
18019.0,"2011-10-19",1,38.45
18020.0,"2010-06-14",1,190.48
18021.0,"2010-07-18",2,216.41
18022.0,"2011-11-04",5,1507.25
18024.0,"2011-07-10",2,389.78
18025.0,"2010-11-25",6,1177.72
18026.0,"2010-07-27",2,2074.07
18027.0,"2011-09-02",1,115.31
18028.0,"2010-05-05",1,192.05
18029.0,"2010-03-07",1,433.77
18030.0,"2011-12-05",2,230.65
18031.0,"2010-11-26",1,451.30
18032.0,"2011-01-09",1,73.50
18033.0,"2011-10-05",1,93.82
18034.0,"2011-11-18",3,754.20
18035.0,"2011-11-04",5,1260.23
18036.0,"2011-11-07",11,1545.49
18037.0,"2011-07-08",15,167.42
18038.0,"2010-06-01",1,141.48
18039.0,"2010-11-30",4,548.22
18040.0,"2011-11-20",2,357.20
18041.0,"2011-11-28",38,8018.77
18042.0,"2011-10-17",2,281.15
18043.0,"2011-11-15",3,529.29
18044.0,"2011-12-05",18,3505.61
18045.0,"2011-10-25",1,178.34
18046.0,"2010-02-28",1,189.63
18047.0,"2010-11-23",2,326.09
18048.0,"2011-05-20",3,394.93
18049.0,"2010-09-28",2,500.92
18050.0,"2010-12-15",2,412.06
18051.0,"2010-03-15",7,2282.28
18052.0,"2010-05-24",1,10877.18
18053.0,"2011-09-30",3,571.07
18054.0,"2010-11-12",1,176.50
18055.0,"2011-12-02",14,10142.64
18056.0,"2011-02-24",2,554.60
18057.0,"2010-11-11",3,1188.46
18058.0,"2011-11-30",3,774.06
18059.0,"2011-11-16",3,306.46
18060.0,"2010-10-27",2,1185.46
18061.0,"2011-11-18",28,6083.81
18062.0,"2011-06-19",6,1632.67
18063.0,"2010-11-14",2,186.60
18064.0,"2011-07-29",11,4481.83
18065.0,"2011-12-04",29,5866.63
18066.0,"2011-09-25",3,1440.40
18067.0,"2011-10-30",1,396.33
18068.0,"2011-02-23",1,101.70
18069.0,"2011-11-13",11,4464.92
18070.0,"2010-02-08",1,314.10
18071.0,"2011-03-27",6,1169.68
18072.0,"2011-06-07",1,247.44
18073.0,"2011-08-17",12,3859.82
18074.0,"2010-12-01",2,1019.44
18075.0,"2011-11-16",20,5783.29
18076.0,"2010-11-24",1,151.49
18077.0,"2011-12-01",18,4078.79
18078.0,"2011-05-06",4,725.53
18079.0,"2011-10-25",5,4203.93
18080.0,"2011-11-21",2,1231.50
18081.0,"2011-11-03",3,343.45
18082.0,"2011-11-14",1,680.84
18083.0,"2010-11-07",1,463.53
18084.0,"2011-11-23",3,795.23
18085.0,"2011-01-13",4,1341.85
18086.0,"2011-03-10",1,101.34
18087.0,"2011-09-02",17,14761.52
18088.0,"2011-10-09",1,166.03
18089.0,"2010-09-19",1,428.45
18090.0,"2010-10-14",1,321.90
18091.0,"2010-04-25",1,360.85
18092.0,"2011-12-07",18,14693.72
18093.0,"2011-09-07",8,4452.71
18094.0,"2011-09-19",13,6391.52
18095.0,"2011-01-31",5,2303.09
18096.0,"2011-11-28",6,1657.87
18097.0,"2011-12-02",11,4627.92
18098.0,"2010-11-08",1,527.94
18099.0,"2011-08-04",1,168.31
18100.0,"2010-06-07",1,451.56
18101.0,"2011-11-28",5,622.01
18102.0,"2011-12-09",145,580987.04
18103.0,"2010-06-08",1,105.80
18104.0,"2011-11-02",1,754.64
18105.0,"2011-11-02",1,113.48
18106.0,"2011-01-14",6,1441.06
18107.0,"2010-09-23",1,165.88
18108.0,"2011-03-30",3,848.81
18109.0,"2011-12-08",38,9555.71
18110.0,"2011-11-20",2,392.28
18111.0,"2010-04-29",1,405.85
18112.0,"2011-11-27",4,773.36
18113.0,"2010-12-06",1,76.32
18114.0,"2011-02-22",1,220.10
18115.0,"2010-01-11",1,9.70
18116.0,"2011-10-03",13,2134.49
18117.0,"2011-11-14",1,315.65
18118.0,"2011-11-29",29,6221.02
18119.0,"2010-12-07",1,180.70
18120.0,"2011-05-09",1,111.15
18121.0,"2011-07-13",2,653.30
18122.0,"2011-12-01",6,1793.06
18123.0,"2011-11-15",3,666.64
18124.0,"2010-08-24",1,102.65
18125.0,"2011-11-10",4,1131.75
18126.0,"2011-10-10",1,200.92
18127.0,"2011-11-20",4,556.13
18128.0,"2010-06-20",1,399.29
18129.0,"2011-04-10",1,112.55
18130.0,"2011-11-24",3,1059.39
18131.0,"2010-03-18",1,222.96
18132.0,"2010-07-23",1,220.13
18133.0,"2011-05-11",1,931.50
18134.0,"2010-04-20",2,445.00
18135.0,"2011-11-10",10,1249.62
18136.0,"2011-10-07",5,1631.36
18137.0,"2010-06-06",2,145.99
18138.0,"2011-02-17",1,152.65
18139.0,"2011-11-22",6,8438.34
18140.0,"2010-08-23",1,536.41
18141.0,"2010-11-03",2,882.47
18142.0,"2011-07-05",2,1019.52
18143.0,"2011-08-15",2,1000.16
18144.0,"2011-12-02",19,4892.95
18145.0,"2011-11-27",11,5609.74
18146.0,"2011-07-22",2,160.35
18147.0,"2011-10-25",2,179.34
18148.0,"2010-03-03",1,112.85
18149.0,"2011-10-20",7,1553.96
18150.0,"2011-11-07",3,566.58
18151.0,"2011-07-28",6,1879.44
18152.0,"2010-03-03",1,426.69
18153.0,"2010-02-18",1,246.22
18154.0,"2011-12-06",5,932.60
18155.0,"2011-09-25",3,371.62
18156.0,"2011-11-27",2,675.64
18157.0,"2010-05-17",1,213.90
18158.0,"2011-11-30",2,453.40
18159.0,"2011-02-11",1,530.15
18160.0,"2011-10-13",3,1003.88
18161.0,"2011-11-24",6,1803.10
18162.0,"2009-12-07",1,371.51
18163.0,"2010-05-04",1,728.84
18164.0,"2011-11-02",1,399.65
18165.0,"2011-06-15",1,302.46
18166.0,"2010-03-26",1,175.50
18167.0,"2011-11-16",3,1384.86
18168.0,"2011-06-16",16,3435.50
18169.0,"2011-10-10",1,202.65
18170.0,"2011-11-06",9,2878.00
18171.0,"2011-10-12",9,2437.31
18172.0,"2011-11-25",52,17467.24
18173.0,"2011-09-14",5,2696.36
18174.0,"2011-12-02",2,162.50
18175.0,"2010-02-02",1,176.10
18176.0,"2010-12-16",1,476.35
18177.0,"2011-11-08",9,2216.32
18178.0,"2011-08-03",11,6103.74
18179.0,"2011-11-30",8,2547.55
18180.0,"2011-12-05",6,1843.75
18181.0,"2011-11-15",5,1188.34
18182.0,"2010-09-02",1,291.13
18183.0,"2011-04-26",2,632.07
18184.0,"2011-11-24",1,49.80
18185.0,"2011-04-04",1,304.25
18186.0,"2009-12-17",1,329.58
18187.0,"2010-03-18",1,724.89
18188.0,"2011-11-24",6,3280.59
18189.0,"2011-09-23",3,1403.73
18190.0,"2011-05-31",5,745.62
18191.0,"2011-03-23",2,529.40
18192.0,"2011-09-29",1,957.97
18193.0,"2011-06-27",3,1207.35
18194.0,"2011-09-18",6,4162.04
18195.0,"2010-11-17",1,101.16
18196.0,"2011-09-05",4,1457.19
18197.0,"2010-05-13",1,230.10
18198.0,"2011-12-05",17,5425.56
18199.0,"2010-01-25",1,344.75
18200.0,"2011-08-25",1,150.35
18201.0,"2009-12-17",1,447.53
18202.0,"2011-05-24",3,1396.99
18203.0,"2011-07-05",4,492.52
18204.0,"2011-09-29",3,1975.35
18205.0,"2011-11-03",2,517.36
18206.0,"2010-06-04",1,314.66
18207.0,"2010-07-28",1,544.47
18208.0,"2010-05-23",1,360.08
18209.0,"2011-11-11",1,139.10
18210.0,"2011-12-08",7,2768.83
18211.0,"2011-11-14",5,600.07
18212.0,"2011-01-17",2,514.37
18213.0,"2011-04-17",1,232.48
18214.0,"2010-06-27",4,1780.34
18215.0,"2011-09-11",5,2232.49
18216.0,"2011-11-08",1,481.75
18217.0,"2011-11-10",4,945.04
18218.0,"2011-05-12",4,1121.84
18219.0,"2011-12-07",17,3352.70
18220.0,"2011-04-27",6,1921.76
18221.0,"2011-11-17",6,1424.94
18222.0,"2011-09-08",1,443.00
18223.0,"2011-12-05",26,14000.85
18224.0,"2011-03-21",1,158.95
18225.0,"2011-12-06",26,13014.80
18226.0,"2011-10-26",26,11878.88
18227.0,"2011-05-06",2,388.75
18228.0,"2011-10-14",2,779.90
18229.0,"2011-11-28",28,10150.51
18230.0,"2011-11-30",9,4291.06
18231.0,"2011-05-31",28,6854.17
18232.0,"2011-09-19",4,592.97
18233.0,"2011-01-18",1,440.00
18234.0,"2010-06-06",1,179.60
18235.0,"2011-09-29",3,1796.48
18236.0,"2011-11-10",12,1795.35
18237.0,"2011-12-07",5,987.10
18238.0,"2010-07-12",1,270.92
18239.0,"2011-05-05",6,1712.26
18240.0,"2011-10-24",1,422.58
18241.0,"2011-11-30",21,2986.99
18242.0,"2011-09-28",8,3605.21
18243.0,"2010-10-21",1,515.78
18244.0,"2010-10-05",2,568.64
18245.0,"2011-12-02",20,6324.98
18246.0,"2011-11-16",3,758.82
18247.0,"2010-10-21",3,839.73
18248.0,"2011-08-09",2,804.02
18249.0,"2011-11-22",1,95.34
18250.0,"2011-02-02",1,349.27
18251.0,"2011-09-13",9,26278.86
18252.0,"2011-10-20",7,1533.69
18253.0,"2010-03-07",1,317.88
18254.0,"2010-05-07",1,267.90
18255.0,"2011-09-11",2,303.15
18256.0,"2010-11-17",1,110.70
18257.0,"2011-10-31",12,4600.15
18258.0,"2010-09-01",6,2059.67
18259.0,"2011-11-15",7,3941.90
18260.0,"2011-06-20",23,9947.26
18261.0,"2011-10-27",2,324.24
18262.0,"2011-07-22",3,577.54
18263.0,"2011-11-14",3,1213.16
18264.0,"2010-07-29",1,603.25
18265.0,"2011-09-28",2,801.51
18266.0,"2010-10-01",1,251.10
18267.0,"2010-02-05",1,269.37
18268.0,"2011-07-28",6,1490.23
18269.0,"2010-12-08",1,168.60
18270.0,"2011-11-01",3,444.55
18271.0,"2010-04-09",2,680.85
18272.0,"2011-12-07",9,4385.98
18273.0,"2011-12-07",4,357.00
18274.0,"2011-11-09",1,175.92
18275.0,"2010-05-10",2,741.85
18276.0,"2011-10-27",6,1656.52
18277.0,"2011-10-12",5,1180.05
18278.0,"2011-09-27",2,414.20
18279.0,"2010-07-08",1,231.34
18280.0,"2011-03-07",2,488.15
18281.0,"2011-06-12",2,201.14
18282.0,"2011-12-02",2,178.05
18283.0,"2011-12-06",22,2664.90
18284.0,"2010-10-04",1,461.68
18285.0,"2010-02-17",1,427.00
18286.0,"2010-08-20",2,1296.43
18287.0,"2011-10-28",7,4182.99
